Symbol,Name,Last Sale,Net Change,% Change,Market Cap,Country,IPO Year,Volume,Sector,Industry
A,Agilent Technologies Inc. Common Stock,$108.63,2.17,2.038%,30970708148.00,United States,1999,1213204,Industrials,Biotechnology: Laboratory Analytical Instruments
ABNB,Airbnb Inc. Class A Common Stock,$125.26,1.25,1.008%,78464461691.00,United States,2020,11301618,Finance,Diversified Commercial Services
ACI,Albertsons Companies Inc. Class A Common Stock,$21.93,-0.08,-0.363%,12626194364.00,United States,2020,4364713,Consumer Staples,Food Chains
ACM,AECOM Common Stock,$102.35,2.10,2.095%,13580785678.00,United States,2007,1324823,Consumer Discretionary,Military/Government/Technical
ADBE,Adobe Inc. Common Stock,$380.87,6.24,1.666%,162479142000.00,United States,1986,2340739,Technology,Computer Software: Prepackaged Software
ADI,Analog Devices Inc. Common Stock,$198.59,4.85,2.503%,98495969759.00,United States,,3795868,Technology,Semiconductors
ADM,Archer-Daniels-Midland Company Common Stock,$47.85,0.27,0.567%,22953983347.00,United States,,2691054,Consumer Staples,Packaged Foods
ADP,Automatic Data Processing Inc. Common Stock,$303.57,4.88,1.634%,123225968914.00,United States,,1720851,Technology,EDP Services
ADSK,Autodesk Inc. Common Stock,$279.99,6.50,2.377%,60197850000.00,United States,,959634,Technology,Computer Software: Prepackaged Software
AEE,Ameren Corporation Common Stock,$99.48,1.39,1.417%,26850273949.00,United States,,2663915,Utilities,Power Generation
AEP,American Electric Power Company Inc. Common Stock,$107.69,0.15,0.139%,57388831828.00,United States,,1984665,Utilities,Electric Utilities: Central
AFG,American Financial Group Inc. Common Stock,$129.69,3.58,2.839%,10891639327.00,United States,,305142,Finance,Property-Casualty Insurers
AFL,AFLAC Incorporated Common Stock,$105.53,2.01,1.942%,57681462349.00,United States,,1886188,Finance,Accident &Health Insurance
AFRM,Affirm Holdings Inc. Class A Common Stock,$52.34,2.59,5.206%,16647074593.00,United States,2021,7570328,Finance,Finance: Consumer Services
AGNCL,AGNC Investment Corp. Depositary Shares Each Representing a 1/1000th Interest in a Share of 7.75% Series G Fixed-Rate Reset Cumulative Redeemable Preferred Stock,$25.0189,0.0189,0.076%,22527548361.00,United States,,6925,Real Estate,Real Estate Investment Trusts
AGNCM,AGNC Investment Corp. Depositary Shares rep 6.875% Series D Fixed-to-Floating Cumulative Redeemable Preferred Stock,$24.81,0.11,0.445%,22339450369.00,United States,,15932,Real Estate,Real Estate Investment Trusts
AGNCN,AGNC Investment Corp. Depositary Shares Each Representing a 1/1000th Interest in a Share of 7.00% Series C Fixed-To-Floating Rate Cumulative Redeemable Preferred Stock,$25.62,0.12,0.471%,23068791554.00,United States,,12668,Real Estate,Real Estate Investment Trusts
AGNCO,AGNC Investment Corp. Depositary Shares each representing a 1/1000th interest in a share of 6.50% Series E Fixed-to-Floating Cumulative Redeemable Preferred Stock,$25.2515,0.2015,0.804%,22736986336.00,United States,,28782,Real Estate,Real Estate Investment Trusts
AGNCP,AGNC Investment Corp. Depositary Shares Each Representing a 1/1000th Interest in a Share of 6.125% Series F Fixed-to-Floating Rate Cumulative Redeemable Preferred Stock,$24.83,-0.09,-0.361%,22357458793.00,United States,,22025,Real Estate,Real Estate Investment Trusts
AIG,American International Group Inc. New Common Stock,$83.66,2.82,3.488%,49638235768.00,United States,,5783279,Finance,Life Insurance
AIZ,Assurant Inc. Common Stock,$197.02,5.39,2.813%,10007024275.00,United States,2004,307108,Finance,Property-Casualty Insurers
AJG,Arthur J. Gallagher & Co. Common Stock,$331.08,13.44,4.231%,84326076000.00,United States,,1818553,Finance,Specialty Insurers
AKAM,Akamai Technologies Inc. Common Stock,$82.54,1.43,1.763%,12407209421.00,United States,1999,1340815,Consumer Discretionary,Business Services
ALAB,Astera Labs Inc. Common Stock,$71.27,2.05,2.962%,11556677949.00,United States,2024,3199692,Technology,Semiconductors
ALGN,Align Technology Inc. Common Stock,$179.82,3.08,1.743%,13234329063.00,United States,2001,1386808,Health Care,Industrial Specialties
ALL,Allstate Corporation (The) Common Stock,$199.30,2.06,1.044%,52778128747.00,United States,,1508518,Finance,Property-Casualty Insurers
ALLE,Allegion plc Ordinary Shares,$140.93,2.24,1.615%,12126926440.00,United States,2013,819683,Consumer Discretionary,Diversified Commercial Services
ALLY,Ally Financial Inc. Common Stock,$33.21,0.92,2.849%,10199225819.00,United States,2014,2263560,Finance,Major Banks
ALNY,Alnylam Pharmaceuticals Inc. Common Stock,$259.39,4.26,1.67%,33821445260.00,United States,2004,729712,Health Care,Biotechnology: Pharmaceutical Preparations
AMAT,Applied Materials Inc. Common Stock,$155.10,6.14,4.122%,126009575680.00,United States,1972,6083227,Technology,Semiconductors
AMD,Advanced Micro Devices Inc. Common Stock,$98.80,2.15,2.225%,160103222646.00,United States,,29957888,Technology,Semiconductors
AME,AMETEK Inc.,$170.07,2.81,1.68%,39265587788.00,United States,,1160346,Industrials,Industrial Machinery/Components
AMGN,Amgen Inc. Common Stock,$281.22,-2.56,-0.902%,151198108481.00,United States,1983,4537310,Health Care,Biotechnology: Biological Products (No Diagnostic Substances)
AMH,American Homes 4 Rent Common Shares of Beneficial Interest,$39.31,1.42,3.748%,14549994900.00,United States,2013,3397899,Real Estate,Real Estate Investment Trusts
AMP,Ameriprise Financial Inc. Common Stock,$484.48,13.95,2.965%,46567490396.00,United States,,341533,Finance,Investment Managers
AMT,American Tower Corporation (REIT) Common Stock,$223.60,-0.43,-0.192%,104675711582.00,United States,,2732560,Real Estate,Real Estate Investment Trusts
ANET,Arista Networks Inc. Common Stock,$91.02,3.18,3.62%,114787378688.00,United States,,11102159,Telecommunications,Computer Communications Equipment
ANSS,ANSYS Inc. Common Stock,$328.76,9.03,2.824%,28903311173.00,United States,1996,532957,Technology,Computer Software: Prepackaged Software
AON,Aon plc Class A Ordinary Shares (Ireland),$356.25,4.71,1.34%,76928595075.00,United States,,1114571,Finance,Specialty Insurers
APD,Air Products and Chemicals Inc. Common Stock,$277.62,5.46,2.006%,61782724691.00,United States,,1446936,Industrials,Major Chemicals
APG,APi Group Corporation Common Stock,$42.32,1.98,4.908%,11715866938.00,United States,2020,2875658,Consumer Discretionary,Engineering & Construction
APH,Amphenol Corporation Common Stock,$80.66,2.03,2.582%,97566261873.00,United States,,7706926,Technology,Electrical Products
APO,Apollo Global Management Inc. (New) Common Stock,$135.37,-2.52,-1.828%,77225940547.00,United States,,4382119,Finance,Investment Managers
APOS,Apollo Global Management Inc. 7.625% Fixed-Rate Resettable Junior Subordinated Notes due 2053,$26.51,0.11,0.417%,15098353524.00,United States,1987,45836,Finance,Investment Managers
APP,Applovin Corporation Class A Common Stock,$307.58,28.09,10.05%,104564352691.00,United States,2021,6997990,Technology,Computer Software: Programming Data Processing
AQNB,Algonquin Power & Utilities Corp. 6.20% Fixed-to-Floating Subordinated Notes Series 2019-A due July 1 2079,$25.17,0.05,0.199%,19316777839.00,United States,2019,5646,Utilities,Electric Utilities: Central
AR,Antero Resources Corporation Common Stock,$35.76,1.11,3.203%,11104445520.00,United States,2013,5349992,Energy,Oil & Gas Production
ARCC,Ares Capital Corporation Common Stock,$20.80,0.46,2.262%,14344351278.00,United States,2004,3300575,Finance,Finance: Consumer Services
ARE,Alexandria Real Estate Equities Inc. Common Stock,$74.47,1.05,1.43%,12882481447.00,United States,,1389067,Real Estate,Real Estate Investment Trusts
ARES,Ares Management Corporation Class A Common Stock,$157.07,4.80,3.152%,49541386814.00,United States,2014,1942654,Finance,Investment Managers
ATO,Atmos Energy Corporation Common Stock,$161.50,1.32,0.824%,25634603816.00,United States,,662995,Utilities,Oil/Gas Transmission
ATR,AptarGroup Inc. Common Stock,$152.00,3.72,2.509%,10107284536.00,United States,,431607,Industrials,Plastic Products
AUR,Aurora Innovation Inc. Class A Common Stock,$8.14,1.26,18.314%,14167072687.00,United States,2021,26173649,Technology,EDP Services
AVB,AvalonBay Communities Inc. Common Stock,$212.20,3.20,1.531%,30186463892.00,United States,,780184,Real Estate,Real Estate Investment Trusts
AVY,Avery Dennison Corporation Common Stock,$171.42,2.01,1.186%,13400855009.00,United States,,615443,Consumer Discretionary,Containers/Packaging
AWK,American Water Works Company Inc. Common Stock,$147.11,0.68,0.464%,28688158683.00,United States,2008,1115860,Utilities,Water Supply
AXON,Axon Enterprise Inc. Common Stock,$628.16,7.06,1.137%,48131670771.00,United States,2001,507953,Industrials,Ordnance And Accessories
AXP,American Express Company Common Stock,$276.85,8.31,3.095%,193958028660.00,United States,,3099732,Finance,Finance: Consumer Services
AZO,AutoZone Inc. Common Stock,$3756.33,23.41,0.627%,62838356149.00,United States,,77268,Consumer Discretionary,Auto & Home Supply Stores
BA,Boeing Company (The) Common Stock,$185.46,2.57,1.405%,139837855208.00,United States,,8695904,Industrials,Aerospace
BAH,Booz Allen Hamilton Holding Corporation Common Stock,$119.81,0.28,0.234%,15173409815.00,United States,2010,1418546,Consumer Discretionary,Professional Services
BALL,Ball Corporation Common Stock,$51.66,0.44,0.859%,14610630549.00,United States,,2518064,Industrials,Containers/Packaging
BAX,Baxter International Inc. Common Stock,$30.71,0.04,0.13%,15712003627.00,United States,,4175334,Health Care,Medical/Dental Instruments
BBY,Best Buy Co. Inc. Common Stock,$68.07,1.03,1.536%,14387932552.00,United States,,3315535,Consumer Discretionary,Consumer Electronics/Video Chains
BDX,Becton Dickinson and Company Common Stock,$168.78,-0.76,-0.448%,48373599335.00,United States,,10532781,Health Care,Medical/Dental Instruments
BEN,Franklin Resources Inc. Common Stock,$20.06,1.32,7.044%,10539483419.00,United States,,8990763,Finance,Investment Managers
BEPC,Brookfield Renewable Corporation Brookfield Renewable Corporation Class A Subordinate Voting Shares,$28.23,-0.45,-1.569%,10560896355.00,United States,,814813,Utilities,Electric Utilities: Central
BG,Bunge Limited Common Shares,$79.21,0.73,0.93%,10611609082.00,United States,,1505224,Consumer Staples,Packaged Foods
BIIB,Biogen Inc. Common Stock,$123.53,2.60,2.15%,18100583087.00,United States,,1460071,Health Care,Biotechnology: Biological Products (No Diagnostic Substances)
BJ,BJ's Wholesale Club Holdings Inc. Common Stock,$117.39,0.13,0.111%,15457560917.00,United States,2018,965730,Consumer Discretionary,Department/Specialty Retail Stores
BK,The Bank of New York Mellon Corporation Common Stock,$82.14,1.23,1.52%,58838578355.00,United States,,4335045,Finance,Major Banks
BKNG,Booking Holdings Inc. Common Stock,$5202.80,101.37,1.987%,169300870546.00,United States,,271025,Consumer Discretionary,Transportation Services
BKR,Baker Hughes Company Class A Common Stock,$37.10,0.91,2.515%,36756824073.00,United States,,7294623,Industrials,Metal Fabrications
BLDR,Builders FirstSource Inc. Common Stock,$114.13,2.20,1.966%,12613056178.00,United States,2005,2027612,Consumer Discretionary,RETAIL: Building Materials
BLK,BlackRock Inc. Common Stock,$929.20,13.06,1.426%,144261499236.00,United States,1999,822899,Finance,Investment Bankers/Brokers/Service
BMRN,BioMarin Pharmaceutical Inc. Common Stock,$62.03,-0.68,-1.084%,11833900536.00,United States,1999,2235183,Health Care,Biotechnology: Pharmaceutical Preparations
BMY,Bristol-Myers Squibb Company Common Stock,$50.57,0.96,1.935%,102914036562.00,United States,,14167183,Health Care,Biotechnology: Pharmaceutical Preparations
BR,Broadridge Financial Solutions Inc. Common Stock,$232.91,4.90,2.149%,27358409810.00,United States,,599949,Consumer Discretionary,Business Services
BRBR,BellRing Brands Inc. Common Stock ,$78.92,1.95,2.533%,10124105330.00,United States,2022,1570247,Consumer Staples,Packaged Foods
BRO,Brown & Brown Inc. Common Stock,$110.57,1.55,1.422%,31690198683.00,United States,,1616058,Finance,Specialty Insurers
BSX,Boston Scientific Corporation Common Stock,$104.93,1.74,1.686%,155238304981.00,United States,,7363560,Health Care,Medical/Dental Instruments
BSY,Bentley Systems Incorporated Class B Common Stock,$43.66,0.82,1.914%,13233495492.00,United States,2020,833958,Technology,Computer Software: Prepackaged Software
BTSGU,BrightSpring Health Services Inc. Tangible Equity Unit,$73.56,9.33,14.526%,12871073169.00,United States,2024,122882,Health Care,Medical/Nursing Services
BURL,Burlington Stores Inc. Common Stock,$236.00,8.00,3.509%,14916290556.00,United States,2013,1449198,Consumer Discretionary,Department/Specialty Retail Stores
BWXT,BWX Technologies Inc. Common Stock,$112.61,1.49,1.341%,10301980358.00,United States,,753479,Industrials,Industrial Machinery/Components
BX,Blackstone Inc. Common Stock,$137.42,4.03,3.021%,100236336414.00,United States,2007,4969584,Finance,Investment Managers
BXP,BXP Inc. Common Stock,$65.05,0.77,1.198%,10291534610.00,United States,1997,1254801,Real Estate,Real Estate Investment Trusts
C,Citigroup Inc. Common Stock,$70.59,2.45,3.596%,133025411505.00,United States,,13291221,Finance,Major Banks
CACI,CACI International Inc. Class A Common Stock,$463.17,4.30,0.937%,10185132385.00,United States,,434668,Technology,EDP Services
CAG,ConAgra Brands Inc. Common Stock,$23.86,-0.32,-1.323%,11389868534.00,United States,,5310474,Consumer Staples,Packaged Foods
CAH,Cardinal Health Inc. Common Stock,$149.53,4.00,2.749%,35689372558.00,United States,,3365998,Health Care,Other Pharmaceuticals
CARR,Carrier Global Corporation Common Stock ,$71.53,1.73,2.479%,61323373356.00,United States,2020,6134530,Industrials,Industrial Machinery/Components
CART,Maplebear Inc. Common Stock,$45.22,5.42,13.618%,11967123676.00,United States,2023,12383607,Consumer Discretionary,Business Services
CASY,Casey's General Stores Inc. Common Stock,$458.65,3.11,0.683%,17024631185.00,United States,1983,182851,Consumer Discretionary,Retail-Auto Dealers and Gas Stations
CAT,Caterpillar Inc. Common Stock,$323.68,9.72,3.096%,154697037528.00,United States,,3765238,Industrials,Construction/Ag Equipment/Trucks
CAVA,CAVA Group Inc. Common Stock,$96.65,2.12,2.243%,11172216640.00,United States,2023,2407795,Consumer Discretionary,Restaurants
CBRE,CBRE Group Inc Common Stock Class A,$126.57,3.05,2.469%,37731131244.00,United States,,1157316,Finance,Real Estate
CCI,Crown Castle Inc. Common Stock,$106.87,0.57,0.536%,46534539718.00,United States,,3524692,Real Estate,Real Estate Investment Trusts
CCK,Crown Holdings Inc.,$96.94,0.83,0.864%,11395543325.00,United States,,1491549,Industrials,Containers/Packaging
CCL,Carnival Corporation Common Stock,$19.57,0.94,5.046%,26514661610.00,United States,1987,27621661,Consumer Discretionary,Marine Transportation
CDNS,Cadence Design Systems Inc. Common Stock,$308.15,8.42,2.809%,84137892300.00,United States,,1935561,Technology,Computer Software: Prepackaged Software
CDW,CDW Corporation Common Stock,$166.83,4.43,2.728%,22103685905.00,United States,2013,1768016,Consumer Discretionary,Catalog/Specialty Distribution
CEG,Constellation Energy Corporation Common Stock ,$247.26,6.645,2.762%,77354612766.00,United States,,3316025,Utilities,Electric Utilities: Central
CET,Central Securities Corporation Common Stock,$44.98,0.38,0.852%,10886293496.00,United States,1951,22618,Finance,Finance/Investors Services
CF,CF Industries Holdings Inc. Common Stock,$80.60,0.98,1.231%,13664666322.00,United States,2005,2182308,Industrials,Agricultural Chemicals
CFG,Citizens Financial Group Inc. Common Stock,$38.65,1.36,3.647%,16760538411.00,United States,2014,4876270,Finance,Major Banks
CG,The Carlyle Group Inc. Common Stock,$40.76,1.60,4.086%,14722629511.00,United States,2012,1754572,Finance,Investment Managers
CHD,Church & Dwight Company Inc. Common Stock,$92.94,0.56,0.606%,22889015515.00,United States,,3110357,Consumer Discretionary,Package Goods/Cosmetics
CHRW,C.H. Robinson Worldwide Inc. Common Stock,$90.83,0.55,0.609%,10782031646.00,United States,1997,1359618,Consumer Discretionary,Oil Refining/Marketing
CHTR,Charter Communications Inc. Class A Common Stock New,$385.00,2.00,0.522%,54040227395.00,United States,,1740813,Telecommunications,Cable & Other Pay Television Services
CHWY,Chewy Inc. Class A Common Stock,$36.66,0.29,0.797%,15163977365.00,United States,2019,4993857,Consumer Discretionary,Catalog/Specialty Distribution
CI,The Cigna Group Common Stock,$334.75,-0.43,-0.128%,91613865824.00,United States,,2471764,Health Care,Medical Specialities
CIEN,Ciena Corporation Common Stock,$72.85,1.42,1.988%,10355312497.00,United States,1997,1854237,Utilities,Telecommunications Equipment
CINF,Cincinnati Financial Corporation Common Stock,$143.58,3.74,2.674%,22442072324.00,United States,,522885,Finance,Property-Casualty Insurers
CL,Colgate-Palmolive Company Common Stock,$90.48,-0.21,-0.232%,73326812277.00,United States,,4715685,Consumer Discretionary,Package Goods/Cosmetics
CLH,Clean Harbors Inc. Common Stock,$222.11,4.73,2.176%,11900565178.00,United States,,358108,Industrials,Environmental Services
CLX,Clorox Company (The) Common Stock,$139.08,0.54,0.39%,17133246702.00,United States,,1206848,Consumer Discretionary,Specialty Chemicals
CMCSA,Comcast Corporation Class A Common Stock,$34.46,0.64,1.892%,128663437324.00,United States,,24824295,Telecommunications,Cable & Other Pay Television Services
CME,CME Group Inc. Class A Common Stock,$280.45,3.34,1.205%,101062750260.00,United States,2002,2245603,Finance,Investment Bankers/Brokers/Service
CMG,Chipotle Mexican Grill Inc. Common Stock,$51.56,1.24,2.464%,69470087840.00,United States,2006,9059037,Consumer Discretionary,Restaurants
CMI,Cummins Inc. Common Stock,$299.85,4.97,1.685%,41223727025.00,United States,,1327518,Industrials,Industrial Machinery/Components
CMS,CMS Energy Corporation Common Stock,$72.91,-0.06,-0.082%,21809112248.00,United States,,1771940,Utilities,Power Generation
CNA,CNA Financial Corporation Common Stock,$48.37,0.93,1.96%,13101578446.00,United States,,294745,Finance,Property-Casualty Insurers
CNC,Centene Corporation Common Stock,$60.16,0.75,1.262%,29935796480.00,United States,,5390524,Health Care,Medical Specialities
CNM,Core & Main Inc. Class A Common Stock,$53.88,0.86,1.622%,10662144556.00,United States,2021,1172296,Consumer Discretionary,Durable Goods
CNP,CenterPoint Energy Inc (Holding Co) Common Stock,$38.99,0.39,1.01%,25449880238.00,United States,,3796847,Utilities,Electric Utilities: Central
COF,Capital One Financial Corporation Common Stock,$187.83,7.61,4.223%,71624781515.00,United States,1994,4696684,Finance,Major Banks
COHR,Coherent Corp. Common Stock,$71.64,2.47,3.571%,11101859020.00,United States,,3342422,Technology,Electronic Components
COIN,Coinbase Global Inc. Class A Common Stock,$204.93,3.63,1.803%,52027519172.00,United States,,6133292,Finance,Finance: Consumer Services
COO,The Cooper Companies Inc. Common Stock,$82.30,1.16,1.43%,16458451361.00,United States,,1708557,Health Care,Ophthalmic Goods
COP,ConocoPhillips Common Stock,$91.41,0.76,0.838%,116308274539.00,United States,,6895606,Energy,Integrated oil Companies
COR,Cencora Inc. Common Stock,$292.12,1.69,0.582%,56647057994.00,United States,,1046830,Health Care,Other Pharmaceuticals
CPAY,Corpay Inc. Common Stock,$330.33,7.68,2.38%,23205657065.00,United States,,776683,Consumer Discretionary,Business Services
CPB,The Campbell's Company Common Stock,$35.86,-0.03,-0.084%,10692801715.00,United States,,2112594,Consumer Staples,Packaged Foods
CPNG,Coupang Inc. Class A Common Stock,$24.10,0.63,2.684%,43512248943.00,United States,2021,5620695,Consumer Discretionary,Catalog/Specialty Distribution
CPRT,Copart Inc. (DE) Common Stock,$61.22,0.72,1.19%,59144210766.00,United States,1994,3152142,Consumer Discretionary,Retail-Auto Dealers and Gas Stations
CPT,Camden Property Trust Common Stock,$120.87,6.04,5.26%,12903744214.00,United States,1993,1793705,Real Estate,Real Estate Investment Trusts
CQP,Cheniere Energy Partners LP Common Units,$60.68,2.15,3.673%,29372040104.00,United States,2007,81161,Utilities,Oil/Gas Transmission
CRBG,Corebridge Financial Inc. Common Stock,$30.66,0.71,2.371%,17046836042.00,United States,2022,2298443,Finance,Life Insurance
CRS,Carpenter Technology Corporation Common Stock,$213.01,10.68,5.279%,10603497852.00,United States,,1221644,Industrials,Steel/Iron Ore
CRWD,CrowdStrike Holdings Inc. Class A Common Stock,$440.58,8.70,2.014%,109208069181.00,United States,2019,2708706,Technology,Computer Software: Prepackaged Software
CRWV,CoreWeave Inc. Class A Common Stock,$51.57,7.25,16.358%,24417411612.00,United States,2025,9199617,Technology,Computer Software: Prepackaged Software
CSGP,CoStar Group Inc. Common Stock,$77.96,1.38,1.802%,32890283468.00,United States,1998,3252969,Consumer Discretionary,Business Services
CSL,Carlisle Companies Incorporated Common Stock,$386.23,6.44,1.696%,16705827114.00,United States,,263668,Industrials,Specialty Chemicals
CSX,CSX Corporation Common Stock,$28.70,0.59,2.099%,53914266498.00,United States,,11526564,Industrials,Railroads
CTAS,Cintas Corporation Common Stock,$211.55,2.00,0.954%,85421132023.00,United States,1983,1373143,Consumer Discretionary,Apparel
CTRA,Coterra Energy Inc. Common Stock,$25.67,0.78,3.134%,19615768415.00,United States,,7847171,Energy,Oil & Gas Production
CTSH,Cognizant Technology Solutions Corporation Class A Common Stock,$77.70,2.47,3.283%,38301590525.00,United States,1998,5330494,Technology,EDP Services
CTVA,Corteva Inc. Common Stock ,$62.63,0.61,0.984%,42936372280.00,United States,2019,3181610,Consumer Staples,Farming/Seeds/Milling
CUK,Carnival Plc ADS ADS,$17.83,0.81,4.759%,24157200639.00,United States,,1294691,Consumer Discretionary,Marine Transportation
CVNA,Carvana Co. Class A Common Stock,$257.10,5.23,2.076%,54805068842.00,United States,2017,2198093,Consumer Discretionary,Retail-Auto Dealers and Gas Stations
CVS,CVS Health Corporation Common Stock,$67.46,-1.99,-2.865%,85338210680.00,United States,,14304957,Consumer Staples,Retail-Drug Stores and Proprietary Stores
CW,Curtiss-Wright Corporation Common Stock,$357.66,7.38,2.107%,13469052846.00,United States,,191611,Technology,Industrial Machinery/Components
D,Dominion Energy Inc. Common Stock,$55.00,0.17,0.31%,46903481405.00,United States,,7472088,Utilities,Electric Utilities: Central
DAL,Delta Air Lines Inc. Common Stock,$44.20,2.70,6.506%,28860618470.00,United States,,13943440,Consumer Discretionary,Air Freight/Delivery Services
DASH,DoorDash Inc. Class A Common Stock,$205.09,8.89,4.531%,86157505868.00,United States,,4256469,Consumer Discretionary,Business Services
DD,DuPont de Nemours Inc. Common Stock,$67.25,1.20,1.817%,32140928614.00,United States,2017,4504564,Industrials,Major Chemicals
DDOG,Datadog Inc. Class A Common Stock,$105.00,-1.32,-1.242%,35990221680.00,United States,2019,5147524,Technology,Computer Software: Prepackaged Software
DE,Deere & Company Common Stock,$481.67,1.65,0.344%,130731946218.00,United States,,1108818,Industrials,Industrial Machinery/Components
DECK,Deckers Outdoor Corporation Common Stock,$116.94,5.81,5.228%,17748409345.00,United States,1993,2490699,Consumer Discretionary,Shoe Manufacturing
DELL,Dell Technologies Inc. Class C Common Stock ,$94.59,2.64,2.871%,66008763258.00,United States,2018,5970475,Technology,Computer Manufacturing
DFS,Discover Financial Services Common Stock,$190.31,7.76,4.251%,47892154367.00,United States,,1867831,Finance,Finance: Consumer Services
DG,Dollar General Corporation Common Stock,$90.30,-0.25,-0.276%,19861221143.00,United States,2009,3770391,Consumer Discretionary,Department/Specialty Retail Stores
DGX,Quest Diagnostics Incorporated Common Stock,$177.95,0.63,0.355%,19865532242.00,United States,,881653,Health Care,Medical Specialities
DHI,D.R. Horton Inc. Common Stock,$127.31,1.76,1.402%,39107250539.00,United States,,2469177,Consumer Discretionary,Homebuilding
DHR,Danaher Corporation Common Stock,$199.05,2.34,1.19%,142454032686.00,United States,,3159166,Industrials,Industrial Machinery/Components
DIS,Walt Disney Company (The) Common Stock,$92.49,1.68,1.85%,167202392124.00,United States,,7594041,Consumer Discretionary,Services-Misc. Amusement & Recreation
DKNG,DraftKings Inc. Class A Common Stock,$34.25,0.99,2.977%,16781000569.00,United States,2019,8571540,Consumer Discretionary,Services-Misc. Amusement & Recreation
DKS,Dick's Sporting Goods Inc Common Stock,$193.78,6.43,3.432%,15474434833.00,United States,2002,897688,Consumer Discretionary,Other Specialty Stores
DLR,Digital Realty Trust Inc. Common Stock,$164.55,2.67,1.649%,55419039515.00,United States,2004,1510673,Real Estate,Real Estate Investment Trusts
DLTR,Dollar Tree Inc. Common Stock,$84.29,3.02,3.716%,18129347250.00,United States,1995,5318164,Consumer Discretionary,Department/Specialty Retail Stores
DOC,Healthpeak Properties Inc. Common Stock,$17.81,0.03,0.169%,12373178808.00,United States,,5480605,Real Estate,Real Estate Investment Trusts
DOCS,Doximity Inc. Class A Common Stock,$59.33,1.26,2.17%,11132509499.00,United States,2021,1435303,Technology,EDP Services
DOCU,DocuSign Inc. Common Stock,$82.13,1.28,1.583%,16630480704.00,United States,1989,1475689,Technology,Computer Software: Prepackaged Software
DOV,Dover Corporation Common Stock,$173.87,4.06,2.391%,23838336290.00,United States,,1408894,Industrials,Industrial Machinery/Components
DOW,Dow Inc. Common Stock ,$30.42,-0.11,-0.36%,21502734070.00,United States,2019,8619373,Industrials,Major Chemicals
DPZ,Domino's Pizza Inc Common Stock,$484.61,3.22,0.669%,16593762169.00,United States,2004,594893,Consumer Discretionary,Food Distributors
DRI,Darden Restaurants Inc. Common Stock,$203.89,4.03,2.016%,23860481297.00,United States,,820214,Consumer Discretionary,Restaurants
DT,Dynatrace Inc. Common Stock,$47.96,0.52,1.096%,14356827583.00,United States,2019,1880710,Technology,Computer Software: Prepackaged Software
DTE,DTE Energy Company Common Stock,$136.36,0.52,0.383%,28296838398.00,United States,,709912,Utilities,Electric Utilities: Central
DTM,DT Midstream Inc. Common Stock ,$100.73,2.93,2.996%,10233229801.00,United States,2021,957872,Utilities,Natural Gas Distribution
DUK,Duke Energy Corporation (Holding Company) Common Stock,$121.58,0.25,0.206%,94402129353.00,United States,,2720129,Utilities,Power Generation
DUKB,Duke Energy Corporation 5.625% Junior Subordinated Debentures due 2078,$24.64,0.07,0.285%,19131999237.00,United States,2018,30971,Utilities,Power Generation
DUOL,Duolingo Inc. Class A Common Stock,$486.42,86.42,21.605%,22007003749.00,United States,2021,3054911,Technology,Computer Software: Prepackaged Software
DVA,DaVita Inc. Common Stock,$141.13,0.69,0.491%,11290400000.00,United States,,575003,Health Care,Misc Health and Biotechnology Services
DVN,Devon Energy Corporation Common Stock,$31.44,0.28,0.899%,20404560000.00,United States,1985,6604307,Energy,Oil & Gas Production
DXCM,DexCom Inc. Common Stock,$81.62,11.36,16.169%,32003814232.00,United States,2005,10696540,Health Care,Medical/Dental Instruments
EA,Electronic Arts Inc. Common Stock,$151.10,6.00,4.135%,39379318453.00,United States,,5109195,Technology,Computer Software: Prepackaged Software
EBAY,eBay Inc. Common Stock,$68.60,0.93,1.374%,31624600000.00,United States,1998,5894132,Consumer Discretionary,Business Services
ECCF,Eagle Point Credit Company Inc. 8.00% Series F Term Preferred Stock due 2029,$24.96,0.1265,0.509%,27173273787.00,United States,,8231,,
ECL,Ecolab Inc. Common Stock,$255.38,2.76,1.093%,72271788672.00,United States,,1099384,Consumer Discretionary,Package Goods/Cosmetics
ED,Consolidated Edison Inc. Common Stock,$110.03,-2.53,-2.248%,39643382524.00,United States,,3421767,Utilities,Power Generation
EFX,Equifax Inc. Common Stock,$260.61,0.48,0.185%,32367512075.00,United States,,773622,Finance,Finance: Consumer Services
EHC,Encompass Health Corporation Common Stock,$116.64,0.70,0.604%,11756953332.00,United States,,780137,Health Care,Hospital/Nursing Management
EIX,Edison International Common Stock,$54.88,0.32,0.587%,21115829771.00,United States,,3165270,Utilities,Electric Utilities: Central
EL,Estee Lauder Companies Inc. (The) Common Stock,$59.39,0.50,0.849%,21365670092.00,United States,1995,4291980,Consumer Discretionary,Package Goods/Cosmetics
ELS,Equity Lifestyle Properties Inc. Common Stock,$65.68,0.89,1.374%,12557326688.00,United States,,1735543,Real Estate,Real Estate Investment Trusts
ELV,Elevance Health Inc. Common Stock,$409.98,1.67,0.409%,92628667308.00,United States,,1048499,Health Care,Medical Specialities
EME,EMCOR Group Inc. Common Stock,$430.19,17.67,4.283%,19254445741.00,United States,,678618,Industrials,Engineering & Construction
EMR,Emerson Electric Company Common Stock,$108.32,2.51,2.372%,61081648000.00,United States,,2569992,Technology,Consumer Electronics/Appliances
ENTG,Entegris Inc. Common Stock,$83.41,4.11,5.183%,12605481634.00,United States,2000,2901384,Industrials,Plastic Products
EOG,EOG Resources Inc. Common Stock,$110.86,-0.82,-0.734%,60505947929.00,United States,,6415038,Energy,Oil & Gas Production
EPD,Enterprise Products Partners L.P. Common Stock,$30.46,0.59,1.975%,65967220843.00,United States,,5235112,Utilities,Natural Gas Distribution
EQH,Equitable Holdings Inc. Common Stock,$50.46,1.20,2.436%,15334552852.00,United States,2018,1851301,Finance,Specialty Insurers
EQIX,Equinix Inc. Common Stock REIT,$875.85,13.88,1.61%,85674763267.00,United States,2000,443371,Real Estate,Real Estate Investment Trusts
EQR,Equity Residential Common Shares of Beneficial Interest,$71.72,1.10,1.558%,27249560012.00,United States,,2103179,Real Estate,Real Estate Investment Trusts
EQT,EQT Corporation Common Stock,$51.85,1.49,2.959%,31038758100.00,United States,,6651956,Energy,Oil & Gas Production
ERIE,Erie Indemnity Company Class A Common Stock,$364.31,13.18,3.754%,16828065439.00,United States,,120238,Finance,Specialty Insurers
ES,Eversource Energy (D/B/A) Common Stock,$58.83,-0.25,-0.423%,21577963315.00,United States,,3877553,Utilities,Electric Utilities: Central
ESS,Essex Property Trust Inc. Common Stock,$292.82,8.35,2.935%,18853267529.00,United States,1994,413258,Real Estate,Real Estate Investment Trusts
ET,Energy Transfer LP Common Units ,$16.67,0.14,0.847%,57198353450.00,United States,,16540098,Utilities,Natural Gas Distribution
ETR,Entergy Corporation Common Stock,$84.47,1.10,1.319%,36387488987.00,United States,,2919807,Utilities,Electric Utilities: Central
EVRG,Evergy Inc. Common Stock,$69.25,0.82,1.198%,15928147072.00,United States,,1598200,Utilities,Power Generation
EW,Edwards Lifesciences Corporation Common Stock,$75.65,0.47,0.625%,44474635000.00,United States,,3286833,Health Care,Industrial Specialties
EWBC,East West Bancorp Inc. Common Stock,$89.11,2.84,3.292%,12336371915.00,United States,,822757,Finance,Major Banks
EXC,Exelon Corporation Common Stock,$46.48,-0.12,-0.258%,46923217663.00,United States,,5880746,Utilities,Power Generation
EXE,Expand Energy Corporation Common Stock,$105.88,2.45,2.369%,25197263001.00,United States,,2827979,Energy,Oil & Gas Production
EXEEL,Expand Energy Corporation Class C Warrants,$93.0101,0.00,0.00%,22134491419.00,United States,,77,Energy,Oil & Gas Production
EXEEZ,Expand Energy Corporation Class B Warrants,$98.51,4.26,4.52%,23443354536.00,United States,,1648,Energy,Oil & Gas Production
EXEL,Exelixis Inc. Common Stock,$39.60,0.71,1.826%,11083305420.00,United States,2000,1991649,Health Care,Biotechnology: Biological Products (No Diagnostic Substances)
EXPD,Expeditors International of Washington Inc. Common Stock,$112.59,2.98,2.719%,15541024794.00,United States,,987523,Consumer Discretionary,Oil Refining/Marketing
EXPE,Expedia Group Inc. Common Stock,$161.79,3.83,2.425%,20847786002.00,United States,,2694303,Consumer Discretionary,Transportation Services
EXR,Extra Space Storage Inc Common Stock,$149.56,1.28,0.863%,31706440173.00,United States,2004,838078,Real Estate,Real Estate Investment Trusts
F,Ford Motor Company Common Stock,$10.28,0.10,0.982%,40744242397.00,United States,,82228655,Consumer Discretionary,Auto Manufacturing
FANG,Diamondback Energy Inc. Common Stock,$136.81,1.98,1.469%,39598409255.00,United States,2012,2367967,Energy,Oil & Gas Production
FAST,Fastenal Company Common Stock,$82.12,1.41,1.747%,47105726793.00,United States,1987,2679311,Consumer Discretionary,RETAIL: Building Materials
FCNCA,First Citizens BancShares Inc. Class A Common Stock,$1831.32,49.85,2.798%,24864285807.00,United States,,83400,Finance,Major Banks
FCX,Freeport-McMoRan Inc. Common Stock,$37.60,1.19,3.268%,54033945026.00,United States,,11932244,Basic Materials,Metal Mining
FDS,FactSet Research Systems Inc. Common Stock,$434.56,4.67,1.086%,16490273090.00,United States,2000,234573,Technology,Computer Software: Programming Data Processing
FDX,FedEx Corporation Common Stock,$219.72,9.66,4.599%,52644674483.00,United States,,2180680,Consumer Discretionary,Air Freight/Delivery Services
FE,FirstEnergy Corp. Common Stock,$43.09,0.34,0.795%,24869662554.00,United States,,3779565,Utilities,Electric Utilities: Central
FFIV,F5 Inc. Common Stock,$268.81,3.04,1.144%,15497502935.00,United States,1999,514336,Telecommunications,Computer Communications Equipment
FI,Fiserv Inc. Common Stock,$184.37,1.35,0.738%,102220964131.00,United States,,3723874,Consumer Discretionary,Business Services
FICO,Fair Isaac Corporation Common Stock,$2048.17,46.49,2.323%,49855919207.00,United States,,204432,Consumer Discretionary,Business Services
FIS,Fidelity National Information Services Inc. Common Stock,$78.86,1.15,1.48%,41771478472.00,United States,,3190996,Consumer Discretionary,Business Services
FITB,Fifth Third Bancorp Common Stock,$37.10,1.01,2.799%,24694439524.00,United States,,2677136,Finance,Major Banks
FITBI,Fifth Third Bancorp Depositary Shares,$25.36,-0.12,-0.471%,16880080494.00,United States,,19797,Finance,Major Banks
FITBO,Fifth Third Bancorp Depositary Shares each representing a 1/1000th ownership interest in a share of Non-Cumulative Perpetual Preferred Stock Series K,$21.91,0.245,1.131%,14583697304.00,United States,,80911,Finance,Major Banks
FITBP,Fifth Third Bancorp Depositary Shares each representing 1/40th share of Fifth Third 6.00% Non-Cumulative Perpetual Class B Preferred Stock Series A,$24.57,0.16,0.655%,16354242024.00,United States,,8331,Finance,Major Banks
FIX,Comfort Systems USA Inc. Common Stock,$432.10,14.05,3.361%,15242259660.00,United States,1997,444577,Industrials,Engineering & Construction
FNF,FNF Group of Fidelity National Financial Inc. Common Stock,$65.01,1.57,2.475%,17877080332.00,United States,2014,1173564,Finance,Specialty Insurers
FOX,Fox Corporation Class B Common Stock,$46.17,0.30,0.654%,20934764204.00,United States,,1061855,Industrials,Broadcasting
FOXA,Fox Corporation Class A Common Stock,$49.47,0.25,0.508%,22431076135.00,United States,,3737419,Industrials,Broadcasting
FSLR,First Solar Inc. Common Stock,$130.54,3.97,3.137%,13999694289.00,United States,2006,3395992,Technology,Semiconductors
FTNT,Fortinet Inc. Common Stock,$106.18,1.97,1.89%,81649665903.00,United States,2009,3795580,Technology,Computer peripheral equipment
FTS,Fortis Inc. Common Shares,$48.56,-0.42,-0.857%,24246061659.00,United States,2016,695412,Utilities,Electric Utilities: Central
FTV,Fortive Corporation Common Stock ,$67.55,0.77,1.153%,22959047946.00,United States,2016,5613626,Industrials,Industrial Machinery/Components
FWONA,Liberty Media Corporation Series A Liberty Formula One Common Stock,$83.43,1.46,1.781%,20795921151.00,United States,,68277,Industrials,Broadcasting
FWONK,Liberty Media Corporation Series C Liberty Formula One Common Stock,$91.40,1.48,1.646%,22782538574.00,United States,,1152927,Industrials,Broadcasting
GD,General Dynamics Corporation Common Stock,$273.03,1.52,0.56%,73280204384.00,United States,,1637835,Industrials,Marine Transportation
GDDY,GoDaddy Inc. Class A Common Stock,$176.27,-16.09,-8.365%,24916805551.00,United States,2015,3239809,Technology,EDP Services
GEHC,GE HealthCare Technologies Inc. Common Stock ,$70.53,2.86,4.226%,32294628909.00,United States,,7209670,Health Care,Medical Electronics
GEN,Gen Digital Inc. Common Stock,$25.93,0.33,1.289%,15980694498.00,United States,,2719486,Technology,Computer Software: Prepackaged Software
GEV,GE Vernova Inc. Common Stock,$396.32,14.03,3.67%,108169497742.00,United States,2024,3602370,,
GFS,GlobalFoundries Inc. Ordinary Shares,$36.40,1.22,3.468%,20126026757.00,United States,2021,1505660,Technology,Semiconductors
GGG,Graco Inc. Common Stock,$83.23,1.55,1.898%,13910467272.00,United States,,518062,Industrials,Fluid Controls
GILD,Gilead Sciences Inc. Common Stock,$103.68,0.43,0.416%,129098478378.00,United States,1992,7033837,Health Care,Biotechnology: Biological Products (No Diagnostic Substances)
GIS,General Mills Inc. Common Stock,$55.43,-0.15,-0.27%,30353497600.00,United States,,3512618,Consumer Staples,Packaged Foods
GL,Globe Life Inc. Common Stock,$121.83,4.11,3.491%,10215253496.00,United States,,793105,Finance,Life Insurance
GLPI,Gaming and Leisure Properties Inc. Common Stock,$47.20,0.01,0.021%,12972117553.00,United States,,1617798,Real Estate,Real Estate Investment Trusts
GLW,Corning Incorporated Common Stock,$45.76,0.98,2.188%,39196368686.00,United States,,4429963,Industrials,Telecommunications Equipment
GM,General Motors Company Common Stock,$45.30,0.25,0.555%,43552993813.00,United States,2010,11649770,Consumer Discretionary,Auto Manufacturing
GME,GameStop Corporation Common Stock,$27.48,0.05,0.182%,12285867798.00,United States,2002,5579861,Consumer Discretionary,Electronics Distribution
GPC,Genuine Parts Company Common Stock,$120.29,3.29,2.812%,16695005435.00,United States,,1135803,Consumer Discretionary,Automotive Aftermarket
GPN,Global Payments Inc. Common Stock,$78.85,2.27,2.964%,19524536266.00,United States,,2735270,Consumer Discretionary,Business Services
GS,Goldman Sachs Group Inc. (The) Common Stock,$566.10,12.27,2.215%,176645296581.00,United States,1999,2883009,Finance,Investment Bankers/Brokers/Service
GWRE,Guidewire Software Inc. Common Stock,$209.69,5.08,2.483%,17588946499.00,United States,2012,381410,Technology,Computer Software: Prepackaged Software
GWW,W.W. Grainger Inc. Common Stock,$1068.00,14.57,1.383%,51305879484.00,United States,,310700,Industrials,Office Equipment/Supplies/Services
H,Hyatt Hotels Corporation Class A Common Stock,$122.98,4.30,3.623%,11739214175.00,United States,2009,1583526,Consumer Discretionary,Hotels/Resorts
HAL,Halliburton Company Common Stock,$20.60,0.67,3.362%,17710129350.00,United States,,11330225,Energy,Oilfield Services/Equipment
HBAN,Huntington Bancshares Incorporated Common Stock,$15.08,0.46,3.146%,21968719245.00,United States,,18090813,Finance,Major Banks
HBANL,Huntington Bancshares Incorporated Depositary Shares Each Representing a 1/40th Interest in a Share of 6.875% Series J Non-Cumulative Perpetual Preferred Stock,$25.98,0.37,1.445%,37847965914.00,United States,,58243,Finance,Major Banks
HBANM,Huntington Bancshares Incorporated Depositary Shares each representing a 1/1000th interest in a share of Huntington Series I Preferred Stock,$23.30,0.1813,0.784%,33943710769.00,United States,,8156,Finance,Major Banks
HBANP,Huntington Bancshares Incorporated Depositary Shares 4.500% Series H Non-Cumulative Perpetual Preferred Stock,$18.12,0.24,1.342%,26397426573.00,United States,,182306,Finance,Major Banks
HCA,HCA Healthcare Inc. Common Stock,$347.97,4.93,1.437%,83712499983.00,United States,2011,802332,Health Care,Hospital/Nursing Management
HEI,Heico Corporation Common Stock,$262.36,5.17,2.01%,36454199461.00,United States,2000,418984,Industrials,Aerospace
HES,Hess Corporation Common Stock,$132.31,2.52,1.942%,40790069535.00,United States,,1729591,Energy,Integrated oil Companies
HIG,The Hartford Insurance Group Inc. Common Stock,$125.66,3.82,3.135%,35700381221.00,United States,,1614635,Finance,Property-Casualty Insurers
HLI,Houlihan Lokey Inc. Class A Common Stock,$166.51,2.61,1.592%,11679816476.00,United States,2015,515323,Finance,Investment Managers
HLT,Hilton Worldwide Holdings Inc. Common Stock ,$240.90,6.81,2.909%,57261866402.00,United States,2016,2992458,Consumer Discretionary,Hotels/Resorts
HOLX,Hologic Inc. Common Stock,$54.16,-3.12,-5.447%,12152941386.00,United States,1990,7843428,Health Care,Medical Electronics
HON,Honeywell International Inc. Common Stock,$214.13,3.39,1.609%,137617691304.00,United States,,4378676,Industrials,Aerospace
HOOD,Robinhood Markets Inc. Class A Common Stock,$48.59,1.97,4.226%,42879166815.00,United States,2021,59187282,Finance,Investment Bankers/Brokers/Service
HPE,Hewlett Packard Enterprise Company Common Stock,$16.86,0.45,2.742%,22146929194.00,United States,2015,15404640,Technology,Retail: Computer Software & Peripheral Equipment
HPQ,HP Inc. Common Stock,$25.95,0.56,2.206%,24463143603.00,United States,,5669265,Technology,Computer Manufacturing
HRL,Hormel Foods Corporation Common Stock,$29.31,-0.08,-0.272%,16117935404.00,United States,,2964813,Consumer Staples,Meat/Poultry/Fish
HST,Host Hotels & Resorts Inc. Common Stock,$14.79,0.26,1.789%,10258091357.00,United States,,9128046,Real Estate,Real Estate Investment Trusts
HSY,The Hershey Company Common Stock,$163.35,-3.78,-2.262%,33095329097.00,United States,,2230814,Consumer Staples,Specialty Foods
HUBB,Hubbell Inc Common Stock,$355.91,12.79,3.728%,19100861853.00,United States,2015,1047052,Technology,Electrical Products
HUBS,HubSpot Inc. Common Stock,$635.81,11.76,1.884%,33159447887.00,United States,2014,458470,Technology,Computer Software: Prepackaged Software
HUM,Humana Inc. Common Stock,$258.48,2.44,0.953%,31196849418.00,United States,,1740141,Health Care,Medical Specialities
HWM,Howmet Aerospace Inc. Common Stock,$154.07,6.04,4.08%,62194062732.00,United States,,3652086,Industrials,Metal Fabrications
IBKR,Interactive Brokers Group Inc. Class A Common Stock,$181.55,7.21,4.136%,19776552677.00,United States,2019,1443495,Finance,Investment Bankers/Brokers/Service
ICE,Intercontinental Exchange Inc. Common Stock,$173.45,2.61,1.528%,99495476705.00,United States,2005,2921498,Finance,Investment Bankers/Brokers/Service
IDXX,IDEXX Laboratories Inc. Common Stock,$471.90,0.52,0.11%,37951102632.00,United States,1991,1030921,Health Care,Biotechnology: In Vitro & In Vivo Diagnostic Substances
IEX,IDEX Corporation Common Stock,$181.45,6.20,3.538%,13707568759.00,United States,1989,780131,Industrials,Fluid Controls
IFF,International Flavors & Fragrances Inc. Common Stock,$79.06,1.21,1.554%,20216755402.00,United States,,1129432,Industrials,Major Chemicals
ILMN,Illumina Inc. Common Stock,$77.88,1.37,1.791%,12336192000.00,United States,2000,1191314,Health Care,Medical Specialities
INCY,Incyte Corp. Common Stock,$62.53,0.50,0.806%,12103927973.00,United States,,1525246,Health Care,Biotechnology: Commercial Physical & Biological Resarch
INSM,Insmed Incorporated Common Stock,$72.30,-0.34,-0.468%,13086253005.00,United States,,1600638,Health Care,Biotechnology: Pharmaceutical Preparations
INTC,Intel Corporation Common Stock,$20.62,0.64,3.203%,89944440000.00,United States,,63298512,Technology,Semiconductors
INTU,Intuit Inc. Common Stock,$631.68,8.49,1.362%,176593724160.00,United States,1993,1367396,Technology,Computer Software: Prepackaged Software
INVH,Invitation Homes Inc. Common Stock,$35.47,0.36,1.025%,21741313374.00,United States,2017,3434877,Finance,Real Estate
IOT,Samsara Inc. Class A Common Stock,$41.39,1.34,3.346%,23564168500.00,United States,2021,2604519,Technology,EDP Services
IP,International Paper Company Common Stock,$45.84,1.95,4.443%,24117598146.00,United States,,3784061,Basic Materials,Paper
IQV,IQVIA Holdings Inc. Common Stock,$153.48,2.38,1.575%,27027828000.00,United States,2013,1697045,Health Care,Biotechnology: Commercial Physical & Biological Resarch
IR,Ingersoll Rand Inc. Common Stock,$76.73,0.52,0.682%,30928577619.00,United States,2017,4538948,Industrials,Industrial Machinery/Components
IRM,Iron Mountain Incorporated (Delaware)Common Stock REIT,$95.76,3.91,4.257%,28253403481.00,United States,,2497504,Real Estate,Real Estate Investment Trusts
ISRG,Intuitive Surgical Inc. Common Stock,$529.42,12.24,2.367%,189753792562.00,United States,2000,1440695,Health Care,Industrial Specialties
IT,Gartner Inc. Common Stock,$427.49,7.89,1.88%,32839008471.00,United States,1993,398616,Consumer Discretionary,Other Consumer Services
ITT,ITT Inc. Common Stock ,$141.82,3.86,2.798%,11161234000.00,United States,2011,912196,Industrials,Fluid Controls
ITW,Illinois Tool Works Inc. Common Stock,$242.32,3.08,1.287%,70999760000.00,United States,,1543262,Industrials,Industrial Machinery/Components
J,Jacobs Solutions Inc. Common Stock,$126.68,2.38,1.915%,15523832369.00,United States,2022,1472720,Industrials,Military/Government/Technical
JBHT,J.B. Hunt Transport Services Inc. Common Stock,$133.57,3.77,2.904%,13249421520.00,United States,,1401876,Industrials,Trucking Freight/Courier Services
JBL,Jabil Inc. Common Stock,$150.36,2.78,1.884%,16140446525.00,United States,1993,891110,Technology,Electrical Products
JEF,Jefferies Financial Group Inc. Common Stock,$49.27,2.11,4.474%,10162232085.00,United States,,1256948,Finance,Investment Bankers/Brokers/Service
JKHY,Jack Henry & Associates Inc. Common Stock,$174.15,0.26,0.15%,12695129405.00,United States,1985,671591,Technology,EDP Services
JLL,Jones Lang LaSalle Incorporated Common Stock,$234.46,4.97,2.166%,11111484242.00,United States,,353960,Finance,Real Estate
JNPR,Juniper Networks Inc. Common Stock,$36.63,0.28,0.77%,12204741019.00,United States,1999,3747874,Telecommunications,Computer Communications Equipment
K,Kellanova Common Stock,$82.88,0.08,0.097%,28754310453.00,United States,,3879008,Consumer Staples,Packaged Foods
KDP,Keurig Dr Pepper Inc. Common Stock,$34.41,0.37,1.087%,46734907354.00,United States,,38558952,Consumer Staples,Beverages (Production/Distribution)
KEY,KeyCorp Common Stock,$15.49,0.50,3.336%,17118298236.00,United States,,12415293,Finance,Major Banks
KEYS,Keysight Technologies Inc. Common Stock,$148.52,2.98,2.048%,25665817539.00,United States,2014,979411,Industrials,Industrial Machinery/Components
KHC,The Kraft Heinz Company Common Stock,$28.64,0.14,0.491%,33896645773.00,United States,,8674688,Consumer Staples,Packaged Foods
KIM,Kimco Realty Corporation (HC) Common Stock,$21.12,0.17,0.811%,14350660558.00,United States,,4477447,Real Estate,Real Estate Investment Trusts
KKR,KKR & Co. Inc. Common Stock,$116.93,2.44,2.131%,103863134824.00,United States,,3798156,Finance,Investment Managers
KKRS,KKR Group Finance Co. IX LLC 4.625% Subordinated Notes due 2061,$17.47,0.14,0.808%,15517736812.00,United States,2021,33413,,
KLAC,KLA Corporation Common Stock,$698.16,21.85,3.231%,92325676769.00,United States,1980,851859,Technology,Electronic Components
KMB,Kimberly-Clark Corporation Common Stock,$130.35,0.48,0.37%,43252220162.00,United States,,2258604,Consumer Discretionary,Containers/Packaging
KMI,Kinder Morgan Inc. Common Stock,$26.83,0.53,2.015%,59618104455.00,United States,2011,10497860,Utilities,Natural Gas Distribution
KMX,CarMax Inc,$66.71,1.19,1.816%,10185564650.00,United States,,2086466,Consumer Discretionary,Retail-Auto Dealers and Gas Stations
KNSL,Kinsale Capital Group Inc. Common Stock,$448.80,22.34,5.238%,10462172028.00,United States,,191900,Finance,Property-Casualty Insurers
KR,Kroger Company (The) Common Stock,$72.02,-0.16,-0.222%,47597548070.00,United States,,6206466,Consumer Staples,Food Chains
KVUE,Kenvue Inc. Common Stock,$23.98,0.02,0.083%,45831552466.00,United States,2023,14097729,Consumer Discretionary,Specialty Chemicals
L,Loews Corporation Common Stock,$88.11,1.80,2.086%,18755209143.00,United States,,519396,Finance,Property-Casualty Insurers
LAMR,Lamar Advertising Company Class A Common Stock,$115.93,1.93,1.693%,11870885137.00,United States,1996,815360,Real Estate,Real Estate Investment Trusts
LBRDA,Liberty Broadband Corporation Class A Common Stock,$88.05,0.36,0.411%,12615997270.00,United States,,87443,Telecommunications,Cable & Other Pay Television Services
LBRDK,Liberty Broadband Corporation Class C Common Stock,$89.55,0.59,0.663%,12830920562.00,United States,,656744,Telecommunications,Cable & Other Pay Television Services
LDOS,Leidos Holdings Inc. Common Stock,$148.79,2.18,1.487%,19516393280.00,United States,,1494278,Technology,EDP Services
LECO,Lincoln Electric Holdings Inc. Common Shares,$183.50,5.86,3.299%,10244123114.00,United States,,415176,Industrials,Industrial Machinery/Components
LEN,Lennar Corporation Class A Common Stock,$110.20,2.01,1.858%,29070118526.00,United States,,1803620,Consumer Discretionary,Homebuilding
LH,Labcorp Holdings Inc. Common Stock,$247.66,6.38,2.644%,20729142000.00,United States,,854929,Health Care,Medical Specialities
LHX,L3Harris Technologies Inc. Common Stock,$219.75,-0.16,-0.073%,41081303511.00,United States,,2282329,Industrials,Industrial Machinery/Components
LII,Lennox International Inc. Common Stock,$561.51,4.49,0.806%,19925085770.00,United States,1999,447712,Industrials,Industrial Machinery/Components
LINE,Lineage Inc. Common Stock,$45.28,-1.94,-4.108%,10350562943.00,United States,2024,2084044,Real Estate,Real Estate Investment Trusts
LKQ,LKQ Corporation Common Stock,$39.34,1.21,3.173%,10155529535.00,United States,2003,2094103,Consumer Discretionary,Motor Vehicles
LMT,Lockheed Martin Corporation Common Stock,$472.80,-4.92,-1.03%,110775126578.00,United States,,2090480,Industrials,Military/Government/Technical
LNG,Cheniere Energy Inc. Common Stock,$235.79,5.30,2.299%,52738080228.00,United States,2001,1707550,Utilities,Oil/Gas Transmission
LNT,Alliant Energy Corporation Common Stock,$61.17,0.62,1.024%,15701872946.00,United States,,1318950,Utilities,Power Generation
LOGI,Logitech International S.A. Ordinary Shares,$78.15,2.16,2.842%,11659947255.00,United States,1997,883421,Technology,Computer peripheral equipment
LOW,Lowe's Companies Inc. Common Stock,$227.19,4.87,2.191%,127159728823.00,United States,,2318855,Consumer Discretionary,RETAIL: Building Materials
LPLA,LPL Financial Holdings Inc. Common Stock,$333.56,9.53,2.941%,24875095571.00,United States,2010,613454,Finance,Investment Bankers/Brokers/Service
LRCX,Lam Research Corporation Common Stock,$74.52,2.79,3.89%,95319873360.00,United States,1984,13339390,Technology,Industrial Machinery/Components
LUV,Southwest Airlines Company Common Stock,$29.85,1.27,4.444%,17010494100.00,United States,,13782068,Consumer Discretionary,Air Freight/Delivery Services
LVS,Las Vegas Sands Corp. Common Stock,$38.07,1.26,3.423%,26901311057.00,United States,2004,6356211,Consumer Discretionary,Hotels/Resorts
LYV,Live Nation Entertainment Inc. Common Stock,$133.77,2.43,1.85%,31314153218.00,United States,,3356785,Consumer Discretionary,Services-Misc. Amusement & Recreation
MAA,Mid-America Apartment Communities Inc. Common Stock,$167.77,5.70,3.517%,19638772678.00,United States,1994,1026370,Real Estate,Real Estate Investment Trusts
MANH,Manhattan Associates Inc. Common Stock,$183.41,4.78,2.676%,11135735949.00,United States,1998,527715,Technology,Computer Software: Prepackaged Software
MAR,Marriott International Class A Common Stock,$249.47,5.52,2.263%,68777705992.00,United States,,1302164,Consumer Discretionary,Hotels/Resorts
MAS,Masco Corporation Common Stock,$62.27,1.97,3.267%,13135359710.00,United States,,2613149,Industrials,Industrial Specialties
MCHP,Microchip Technology Incorporated Common Stock,$47.91,1.93,4.197%,25766906805.00,United States,1993,9444032,Technology,Semiconductors
MCHPP,Microchip Technology Incorporated Depositary Shares Each Representing a 1/20th Interest in a Share of 7.50% Series A Mandatory Convertible Preferred Stock,$48.88,1.185,2.485%,26288591205.00,United States,,49049,Technology,Semiconductors
MCK,McKesson Corporation Common Stock,$708.41,1.64,0.232%,88782458022.00,United States,,866401,Health Care,Other Pharmaceuticals
MCO,Moody's Corporation Common Stock,$464.75,12.89,2.853%,83608525000.00,United States,,733552,Finance,Finance: Consumer Services
MDB,MongoDB Inc. Class A Common Stock,$171.64,-0.55,-0.319%,13935050477.00,United States,2017,1906275,Technology,Computer Software: Prepackaged Software
MDLZ,Mondelez International Inc. Class A Common Stock,$67.75,-0.12,-0.177%,87723741521.00,United States,,7395184,Consumer Staples,Packaged Foods
MDT,Medtronic plc. Ordinary Shares,$84.85,1.29,1.544%,108823816399.00,United States,,5727613,Health Care,Biotechnology: Electromedical & Electrotherapeutic Apparatus
MET,MetLife Inc. Common Stock,$77.81,2.04,2.692%,52233683841.00,United States,2000,3359027,Finance,Life Insurance
MKC,McCormick & Company Incorporated Common Stock,$76.02,0.91,1.212%,20387580073.00,United States,,1826054,Consumer Staples,Packaged Foods
MKL,Markel Group Inc. Common Stock,$1876.98,52.45,2.875%,23808903805.00,United States,1986,48710,Finance,Property-Casualty Insurers
MLM,Martin Marietta Materials Inc. Common Stock,$535.80,12.92,2.471%,32300923214.00,United States,1994,386424,Industrials,Mining & Quarrying of Nonmetallic Minerals (No Fuels)
MMC,Marsh & McLennan Companies Inc. Common Stock,$227.29,3.29,1.469%,111992092570.00,United States,,1355556,Finance,Specialty Insurers
MMM,3M Company Common Stock,$142.08,4.18,3.031%,76464807913.00,United States,,2734157,Health Care,Medical/Dental Instruments
MNST,Monster Beverage Corporation,$60.05,0.53,0.89%,58438191705.00,United States,,4161647,Consumer Staples,Beverages (Production/Distribution)
MO,Altria Group Inc.,$59.61,0.30,0.506%,100410172871.00,United States,,7027455,Health Care, Medicinal Chemicals and Botanical Products 
MOH,Molina Healthcare Inc Common Stock,$318.04,5.00,1.597%,17237768000.00,United States,2003,569133,Health Care,Medical Specialities
MORN,Morningstar Inc. Common Stock,$293.19,10.03,3.542%,12387040896.00,United States,2005,219948,Finance,Investment Managers
MPC,Marathon Petroleum Corporation Common Stock,$141.55,3.83,2.781%,44245109161.00,United States,,1944833,Energy,Integrated oil Companies
MPLX,MPLX LP Common Units Representing Limited Partner Interests,$51.87,1.01,1.986%,53037582340.00,United States,2012,1327761,Energy,Natural Gas Distribution
MPWR,Monolithic Power Systems Inc. Common Stock,$636.89,35.26,5.861%,30485376740.00,United States,2004,1651753,Technology,Semiconductors
MRNA,Moderna Inc. Common Stock,$27.61,0.58,2.146%,10677941650.00,United States,2018,7545234,Health Care,Biotechnology: Biological Products (No Diagnostic Substances)
MRVL,Marvell Technology Inc. Common Stock,$62.33,1.38,2.264%,53984013000.00,United States,2000,15638639,Technology,Semiconductors
MS,Morgan Stanley Common Stock,$120.22,3.46,2.963%,193897498429.00,United States,,6894525,Finance,Investment Bankers/Brokers/Service
MSCI,MSCI Inc. Common Stock,$555.82,9.75,1.785%,43004624351.00,United States,,389901,Consumer Discretionary,Business Services
MSI,Motorola Solutions Inc. Common Stock,$406.42,-32.74,-7.455%,67837921468.00,United States,,2341037,Technology,Radio And Television Broadcasting And Communications Equipment
MSTR,MicroStrategy Incorporated Common Stock Class A,$394.37,12.77,3.346%,101491851845.00,United States,1998,15947978,Technology,Computer Software: Prepackaged Software
MTB,M&T Bank Corporation Common Stock,$175.31,4.45,2.604%,28809297821.00,United States,,854223,Finance,Major Banks
MTZ,MasTec Inc. Common Stock,$140.87,6.86,5.119%,11115030674.00,United States,,1633349,Industrials,Water Sewer Pipeline Comm & Power Line Construction
MU,Micron Technology Inc. Common Stock,$80.72,2.95,3.793%,90210373498.00,United States,,18899715,Technology,Semiconductors
MUSA,Murphy USA Inc. Common Stock,$503.23,4.72,0.947%,10072766416.00,United States,2013,213110,Consumer Discretionary,Retail-Auto Dealers and Gas Stations
NBIX,Neurocrine Biosciences Inc. Common Stock,$109.68,3.09,2.899%,10935482841.00,United States,1996,1700281,Health Care,Biotechnology: Biological Products (No Diagnostic Substances)
NDAQ,Nasdaq Inc. Common Stock,$78.18,2.04,2.679%,44884828252.00,United States,,2353199,Finance,Investment Bankers/Brokers/Service
NDSN,Nordson Corporation Common Stock,$192.84,2.48,1.303%,10974859556.00,United States,,333191,Industrials,Industrial Machinery/Components
NEE,NextEra Energy Inc. Common Stock,$67.09,1.04,1.575%,138113560969.00,United States,,13333454,Technology,EDP Services
NEM,Newmont Corporation,$51.53,0.04,0.078%,57352732009.00,United States,,8805848,Basic Materials,Precious Metals
NET,Cloudflare Inc. Class A Common Stock,$124.23,1.62,1.321%,38302709134.00,United States,2019,2625212,Technology,Computer Software: Prepackaged Software
NI,NiSource Inc Common Stock,$39.30,0.34,0.873%,18468627813.00,United States,,5458969,Utilities,Power Generation
NKE,Nike Inc. Common Stock,$58.59,1.83,3.224%,86478282633.00,United States,,14723858,Consumer Discretionary,Shoe Manufacturing
NLY,Annaly Capital Management Inc. Common Stock,$19.32,-0.10,-0.515%,11173874705.00,United States,,8560560,Real Estate,Real Estate Investment Trusts
NOC,Northrop Grumman Corporation Common Stock,$491.42,4.75,0.976%,70729188673.00,United States,,1728644,Industrials,Industrial Machinery/Components
NRG,NRG Energy Inc. Common Stock,$116.64,2.50,2.19%,23102718705.00,United States,,2207727,Utilities,Electric Utilities: Central
NSC,Norfolk Southern Corporation Common Stock,$224.36,2.59,1.168%,50580503884.00,United States,,1051038,Industrials,Railroads
NTAP,NetApp Inc. Common Stock,$92.33,2.60,2.898%,18780985919.00,United States,1995,1528519,Technology,Electronic Components
NTNX,Nutanix Inc. Class A Common Stock,$72.54,1.63,2.299%,19343695574.00,United States,2016,1290273,Technology,Computer Software: Prepackaged Software
NTRA,Natera Inc. Common Stock,$156.66,5.30,3.502%,21178267585.00,United States,2015,1072140,Health Care,Medical Specialities
NTRS,Northern Trust Corporation Common Stock,$97.52,2.58,2.718%,18971401834.00,United States,,1332242,Finance,Major Banks
NUE,Nucor Corporation Common Stock,$122.97,3.25,2.715%,28348991630.00,United States,,2085687,Industrials,Steel/Iron Ore
NVR,NVR Inc. Common Stock,$7124.00,89.11,1.267%,21303972924.00,United States,1998,15013,Consumer Discretionary,Homebuilding
NWS,News Corporation Class B Common Stock,$31.90,0.63,2.015%,18099930454.00,United States,,296056,Consumer Discretionary,Newspapers/Magazines
NWSA,News Corporation Class A Common Stock,$27.58,0.52,1.922%,15648779998.00,United States,,1938620,Consumer Discretionary,Newspapers/Magazines
O,Realty Income Corporation Common Stock,$56.96,-0.21,-0.367%,50780760531.00,United States,,4292747,Real Estate,Real Estate Investment Trusts
OC,Owens Corning Inc Common Stock New,$147.75,2.08,1.428%,12638618331.00,United States,,688860,Industrials,Industrial Machinery/Components
ODFL,Old Dominion Freight Line Inc. Common Stock,$158.01,7.45,4.948%,33584247933.00,United States,1991,2628116,Industrials,Trucking Freight/Courier Services
OHI,Omega Healthcare Investors Inc. Common Stock,$37.02,-1.54,-3.994%,10433605740.00,United States,1992,4914507,Real Estate,Real Estate Investment Trusts
OKE,ONEOK Inc. Common Stock,$82.78,1.85,2.286%,51707076612.00,United States,,5505882,Utilities,Oil & Gas Production
OKTA,Okta Inc. Class A Common Stock,$112.90,1.04,0.93%,19599797216.00,United States,2017,2522150,Technology,Computer Software: Prepackaged Software
OMC,Omnicom Group Inc. Common Stock,$77.07,1.32,1.743%,15037082229.00,United States,,2636994,Consumer Discretionary,Advertising
ON,ON Semiconductor Corporation Common Stock,$41.91,2.31,5.833%,17661759433.00,United States,,14142033,Technology,Semiconductors
ORLY,O'Reilly Automotive Inc. Common Stock,$1406.36,-1.32,-0.094%,80545671531.00,United States,1993,285442,Consumer Discretionary,Auto & Home Supply Stores
OTIS,Otis Worldwide Corporation Common Stock ,$97.32,0.93,0.965%,38409926031.00,United States,2020,2397397,Technology,Consumer Electronics/Appliances
OWL,Blue Owl Capital Inc. Class A Common Stock,$18.40,0.49,2.736%,28296147918.00,United States,2020,9437198,Finance,Investment Managers
OXY,Occidental Petroleum Corporation Common Stock,$40.61,0.17,0.42%,38112524189.00,United States,,10594792,Energy,Oil & Gas Production
PAA,Plains All American Pipeline L.P. Common Units representing Limited Partner Interests,$16.63,-0.08,-0.479%,11703794049.00,United States,1998,6191768,Energy,Natural Gas Distribution
PAG,Penske Automotive Group Inc. Common Stock,$157.35,1.74,1.118%,10411604506.00,United States,,180436,Consumer Discretionary,Retail-Auto Dealers and Gas Stations
PANW,Palo Alto Networks Inc. Common Stock,$187.70,1.43,0.768%,124276170000.00,United States,,3842206,Technology,Computer peripheral equipment
PARAA,Paramount Global Class A Common Stock,$22.60,-0.10,-0.441%,15158053142.00,United States,,40939,Industrials,Broadcasting
PAYC,Paycom Software Inc. Common Stock,$227.37,0.27,0.119%,13020278932.00,United States,2014,456065,Technology,Computer Software: Prepackaged Software
PAYX,Paychex Inc. Common Stock,$149.81,3.20,2.183%,53960163973.00,United States,1983,1460429,Consumer Discretionary,Diversified Commercial Services
PCAR,PACCAR Inc. Common Stock,$89.90,0.12,0.134%,47193852308.00,United States,,3729334,Consumer Discretionary,Auto Manufacturing
PCG,Pacific Gas & Electric Co. Common Stock,$16.93,0.26,1.56%,49770871765.00,United States,,12963680,Utilities,Power Generation
PCTY,Paylocity Holding Corporation Common Stock,$187.33,-6.83,-3.518%,10469350487.00,United States,2014,804587,Technology,Computer Software: Prepackaged Software
PEG,Public Service Enterprise Group Incorporated Common Stock,$79.48,0.82,1.042%,39660353887.00,United States,,2203339,Utilities,Power Generation
PEN,Penumbra Inc. Common Stock,$296.00,4.18,1.432%,11462878240.00,United States,2015,382877,Health Care,Medical/Dental Instruments
PEP,PepsiCo Inc. Common Stock,$133.75,0.20,0.15%,183381888475.00,United States,,7169731,Consumer Staples,Beverages (Production/Distribution)
PFE,Pfizer Inc. Common Stock,$24.20,0.27,1.128%,137149638019.00,United States,,41685764,Health Care,Biotechnology: Pharmaceutical Preparations
PFG,Principal Financial Group Inc Common Stock,$76.83,2.76,3.726%,17224577166.00,United States,2001,1817870,Finance,Accident &Health Insurance
PFGC,Performance Food Group Company Common Stock,$82.59,1.39,1.712%,12901919661.00,United States,2015,785656,Consumer Discretionary,Food Distributors
PGR,Progressive Corporation (The) Common Stock,$282.81,5.15,1.855%,165785393698.00,United States,,1566148,Finance,Property-Casualty Insurers
PH,Parker-Hannifin Corporation Common Stock,$619.02,8.90,1.459%,79708013114.00,United States,,665938,Industrials,Metal Fabrications
PHM,PulteGroup Inc. Common Stock,$104.46,2.57,2.522%,20936623014.00,United States,,1439500,Consumer Discretionary,Homebuilding
PINS,Pinterest Inc. Class A Common Stock,$26.87,1.38,5.414%,18224239395.00,United States,2019,15613867,Technology,Computer Software: Programming Data Processing
PKG,Packaging Corporation of America Common Stock,$187.42,4.05,2.209%,16830545590.00,United States,2000,551714,Consumer Discretionary,Containers/Packaging
PLD,Prologis Inc. Common Stock,$105.41,2.33,2.26%,97812679660.00,United States,,4193985,Real Estate,Real Estate Investment Trusts
PNC,PNC Financial Services Group Inc. (The) Common Stock,$165.54,4.55,2.826%,65512385970.00,United States,,1764795,Finance,Major Banks
PNW,Pinnacle West Capital Corporation Common Stock,$94.32,0.91,0.974%,11261714529.00,United States,,912213,Utilities,Electric Utilities: Central
PODD,Insulet Corporation Common Stock,$257.01,6.76,2.701%,18048810989.00,United States,2007,838691,Health Care,Medical/Dental Instruments
POOL,Pool Corporation Common Stock,$306.69,10.34,3.489%,11529984175.00,United States,1995,365845,Consumer Discretionary,Industrial Specialties
PPC,Pilgrim's Pride Corporation Common Stock,$46.14,-0.61,-1.305%,10940858035.00,United States,,2748641,Consumer Staples,Meat/Poultry/Fish
PPG,PPG Industries Inc. Common Stock,$110.49,1.72,1.581%,25081230000.00,United States,,2083879,Consumer Discretionary,Paints/Coatings
PPL,PPL Corporation Common Stock,$36.17,0.09,0.249%,26739175697.00,United States,,5342332,Utilities,Electric Utilities: Central
PRU,Prudential Financial Inc. Common Stock,$103.62,1.89,1.858%,36681480000.00,United States,2001,1633649,Finance,Life Insurance
PSA,Public Storage Common Stock,$300.15,0.15,0.05%,52655717902.00,United States,,1290520,Real Estate,Real Estate Investment Trusts
PSTG,Pure Storage Inc. Class A Common Stock,$47.84,1.38,2.97%,15596917070.00,United States,2015,1857812,Technology,Electronic Components
PSX,Phillips 66 Common Stock,$107.15,3.69,3.567%,43672399085.00,United States,,2588739,Energy,Integrated oil Companies
PTC,PTC Inc. Common Stock,$160.09,3.75,2.399%,19202451627.00,United States,,852238,Technology,Computer Software: Prepackaged Software
PWR,Quanta Services Inc. Common Stock,$321.14,-0.79,-0.245%,47592535335.00,United States,,2062581,Industrials,Engineering & Construction
PYPL,PayPal Holdings Inc. Common Stock,$67.24,1.83,2.798%,65393107422.00,United States,,10081506,Consumer Discretionary,Business Services
QCOM,QUALCOMM Incorporated Common Stock,$139.81,4.60,3.402%,153511380000.00,United States,1991,13185574,Technology,Radio And Television Broadcasting And Communications Equipment
QVCGP,QVC Group Inc. 8.0% Fixed Rate Cumulative Redeemable Preferred Stock,$27.04,-0.12,-0.442%,10777666690.00,United States,,18802,Consumer Discretionary,Catalog/Specialty Distribution
RBC,RBC Bearings Incorporated Common Stock,$344.69,10.94,3.278%,10838516809.00,United States,2022,102419,Industrials,Metal Fabrications
RBLX,Roblox Corporation Class A Common Stock,$74.09,5.09,7.377%,50254084972.00,United States,2021,15015558,Technology,Computer Software: Prepackaged Software
RBRK,Rubrik Inc. Class A Common Stock,$73.33,2.22,3.122%,13916466718.00,United States,2024,2333634,Technology,Computer Software: Prepackaged Software
RCL,Royal Caribbean Cruises Ltd. Common Stock,$229.95,9.18,4.158%,62445307541.00,United States,1993,2209157,Consumer Discretionary,Marine Transportation
RDDT,Reddit Inc. Class A Common Stock,$113.83,-4.96,-4.175%,20592342047.00,United States,2024,29599202,Technology,EDP Services
REG,Regency Centers Corporation Common Stock,$73.03,0.61,0.842%,13245103258.00,United States,1993,617796,Real Estate,Real Estate Investment Trusts
REGN,Regeneron Pharmaceuticals Inc. Common Stock,$605.61,15.61,2.646%,65384984638.00,United States,1991,1606580,Health Care,Biotechnology: Pharmaceutical Preparations
RF,Regions Financial Corporation Common Stock,$21.05,0.54,2.633%,19060039745.00,United States,,5370347,Finance,Major Banks
RGA,Reinsurance Group of America Incorporated Common Stock,$197.76,10.82,5.788%,13056994045.00,United States,,620215,Finance,Life Insurance
RGLD,Royal Gold Inc. Common Stock,$176.51,-1.57,-0.882%,11607053310.00,United States,,517708,Industrials,Precious Metals
RIVN,Rivian Automotive Inc. Class A Common Stock,$13.83,0.07,0.509%,15637781051.00,United States,2021,27224000,Consumer Discretionary,Auto Manufacturing
RJF,Raymond James Financial Inc. Common Stock,$141.76,4.05,2.941%,29048046420.00,United States,,780418,Finance,Investment Bankers/Brokers/Service
RKLB,Rocket Lab USA Inc. Common Stock,$22.99,0.87,3.933%,10427001734.00,United States,2020,12728867,Industrials,Military/Government/Technical
RKT,Rocket Companies Inc. Class A Common Stock,$12.62,-0.16,-1.252%,25191871384.00,United States,2020,13265994,Finance,Finance: Consumer Services
RL,Ralph Lauren Corporation Common Stock,$232.63,8.12,3.617%,14368209335.00,United States,1997,566544,Consumer Discretionary,Apparel
RMD,ResMed Inc. Common Stock,$239.95,3.46,1.463%,35194042140.00,United States,,608794,Health Care,Medical/Dental Instruments
ROK,Rockwell Automation Inc. Common Stock,$253.65,4.47,1.794%,28680953260.00,United States,,940625,Industrials,Industrial Machinery/Components
ROL,Rollins Inc. Common Stock,$56.67,0.60,1.07%,27464914662.00,United States,,2522799,Finance,Diversified Commercial Services
ROP,Roper Technologies Inc. Common Stock,$566.04,8.45,1.515%,60784322570.00,United States,1992,556042,Industrials,Industrial Machinery/Components
ROST,Ross Stores Inc. Common Stock,$140.49,1.56,1.123%,46196128180.00,United States,1985,2133455,Consumer Discretionary,Clothing/Shoe/Accessory Stores
RPM,RPM International Inc. Common Stock,$110.31,2.78,2.585%,14166287740.00,United States,,690082,Consumer Discretionary,Paints/Coatings
RPRX,Royalty Pharma plc Class A Ordinary Shares ,$32.89,0.41,1.262%,18959544663.00,United States,2020,3138218,Health Care,Biotechnology: Pharmaceutical Preparations
RS,Reliance Inc. Common Stock,$297.22,6.91,2.38%,15630236865.00,United States,1994,214820,Industrials,Metal Fabrications
RSG,Republic Services Inc. Common Stock,$250.52,1.11,0.445%,78286751697.00,United States,1998,894115,Utilities,Environmental Services
RTO,Rentokil Initial plc American Depositary Shares (each representing five (5) Ordinary Shares),$23.85,0.96,4.194%,12042055251.00,United States,2022,681915,Consumer Discretionary,Other Consumer Services
RTX,RTX Corporation Common Stock,$130.21,2.80,2.198%,173954540392.00,United States,,5002524,Industrials,Aerospace
RVTY,Revvity Inc. Common Stock,$93.99,1.09,1.173%,11296403011.00,United States,,944884,Industrials,Biotechnology: Laboratory Analytical Instruments
RYAN,Ryan Specialty Holdings Inc. Class A Common Stock,$66.87,2.06,3.179%,17513647600.00,United States,2021,1550883,Finance,Specialty Insurers
SAIL,SailPoint Inc. Common Stock,$18.70,1.23,7.041%,10407954239.00,United States,2025,1501894,Technology,Computer Software: Prepackaged Software
SBAC,SBA Communications Corporation Class A Common Stock,$241.96,1.22,0.507%,25999030511.00,United States,1999,758612,Real Estate,Real Estate Investment Trusts
SBUX,Starbucks Corporation Common Stock,$84.69,2.68,3.268%,96241716000.00,United States,1992,13512926,Consumer Discretionary,Restaurants
SCCO,Southern Copper Corporation Common Stock,$90.14,1.1807,1.327%,71768215505.00,United States,,796239,Basic Materials,Metal Mining
SCHW,Charles Schwab Corporation (The) Common Stock,$83.11,1.60,1.963%,150725608638.00,United States,,9348275,Finance,Investment Bankers/Brokers/Service
SCI,Service Corporation International Common Stock,$76.55,-0.09,-0.117%,10897542639.00,United States,,2261985,Consumer Discretionary,Other Consumer Services
SE,Sea Limited American Depositary Shares each representing one Class A Ordinary Share,$141.78,4.47,3.255%,83936586243.00,United States,2017,3899864,Consumer Discretionary,Other Consumer Services
SFM,Sprouts Farmers Market Inc. Common Stock,$173.93,2.27,1.322%,17020549777.00,United States,2013,2009562,Consumer Staples,Food Chains
SGI,Somnigroup International Inc. Common Stock,$62.65,1.31,2.136%,13064036870.00,United States,,1353291,Consumer Discretionary,Home Furnishings
SHW,Sherwin-Williams Company (The) Common Stock,$359.64,6.00,1.697%,90125993310.00,United States,,1398620,Consumer Discretionary,RETAIL: Building Materials
SJM,The J.M. Smucker Company Common Stock,$114.76,0.99,0.87%,12212371426.00,United States,,731439,Consumer Staples,Packaged Foods
SLMBP,SLM Corporation Floating Rate Non-Cumulative Preferred Stock Series B,$75.30,0.37,0.494%,15868635029.00,United States,,5377,Finance,Finance: Consumer Services
SMCI,Super Micro Computer Inc. Common Stock,$33.71,0.98,2.994%,20006256376.00,United States,2020,45306805,Technology,Computer Manufacturing
SMMT,Summit Therapeutics Inc. Common Stock ,$24.67,0.55,2.28%,18321568345.00,United States,2015,3556129,Health Care,Biotechnology: Pharmaceutical Preparations
SN,SharkNinja Inc. Ordinary Shares,$84.14,4.33,5.425%,11808833265.00,United States,2023,1892164,Consumer Discretionary,Consumer Electronics/Appliances
SNA,Snap-On Incorporated Common Stock,$316.95,5.24,1.681%,16573640057.00,United States,,326940,Consumer Discretionary,Industrial Machinery/Components
SNAP,Snap Inc. Class A Common Stock,$8.45,0.62,7.918%,14121454937.00,United States,2017,79162154,Technology,Computer Software: Programming Data Processing
SNOW,Snowflake Inc. Class A Common Stock,$167.66,2.30,1.391%,56015206000.00,United States,2020,3332744,Technology,Computer Software: Prepackaged Software
SNPS,Synopsys Inc. Common Stock,$472.28,12.92,2.813%,73023969493.00,United States,1992,1294009,Technology,Computer Software: Prepackaged Software
SO,Southern Company (The) Common Stock,$91.05,-0.41,-0.448%,100068963577.00,United States,,4060848,Utilities,Electric Utilities: Central
SOFI,SoFi Technologies Inc. Common Stock  ,$12.70,0.19,1.519%,13926060731.00,United States,,50789329,Finance,Finance: Consumer Services
SOJC,Southern Company (The) Series 2017B 5.25% Junior Subordinated Notes due December 1 2077,$21.56,-0.01,-0.046%,23695627180.00,United States,2017,8267,Utilities,Electric Utilities: Central
SOJD,Southern Company (The) Series 2020A 4.95% Junior Subordinated Notes due January 30 2080,$19.99,-0.11,-0.547%,21970110729.00,United States,2020,104776,Utilities,Electric Utilities: Central
SOJE,Southern Company (The) Series 2020C 4.20% Junior Subordinated Notes due October 15 2060,$17.61,-0.08,-0.452%,19275302629.00,United States,2020,62938,Basic Materials,Metal Mining
SOLV,Solventum Corporation Common Stock,$67.62,2.00,3.048%,11697616934.00,United States,2024,990236,Health Care,Medical/Dental Instruments
SPG,Simon Property Group Inc. Common Stock,$161.77,2.90,1.825%,52782014384.00,United States,,1321274,Real Estate,Real Estate Investment Trusts
SPGI,S&P Global Inc. Common Stock,$506.62,7.69,1.541%,155380354000.00,United States,,892290,Finance,Finance: Consumer Services
SRE,DBA Sempra Common Stock,$75.47,0.77,1.031%,49165478582.00,United States,,2830809,Utilities,Natural Gas Distribution
SREA,DBA Sempra 5.750% Junior Subordinated Notes due 2079,$20.61,-0.11,-0.531%,13049136484.00,United States,2019,57387,Utilities,Natural Gas Distribution
SSNC,SS&C Technologies Holdings Inc. Common Stock,$77.70,2.03,2.683%,19165668325.00,United States,2010,2275776,Technology,Computer Software: Prepackaged Software
STE,STERIS plc (Ireland) Ordinary Shares,$224.81,2.57,1.156%,22087759875.00,United States,,745600,Health Care,Industrial Specialties
STLD,Steel Dynamics Inc.,$134.94,4.645,3.565%,20263128271.00,United States,1996,1021062,Industrials,Steel/Iron Ore
STRF,MicroStrategy Incorporated 10.00% Series A Perpetual Strife Preferred Stock,$93.80,1.65,1.791%,24139604187.00,United States,,123936,Technology,Computer Software: Prepackaged Software
STRK,MicroStrategy Incorporated 8.00% Series A Perpetual Strike Preferred Stock,$90.97,1.47,1.642%,23411298431.00,United States,,644379,Technology,Computer Software: Prepackaged Software
STT,State Street Corporation Common Stock,$90.53,1.80,2.029%,25817491334.00,United States,,1551512,Finance,Major Banks
STZ,Constellation Brands Inc. Common Stock,$186.97,1.53,0.825%,33284435859.00,United States,,1146301,Consumer Staples,Beverages (Production/Distribution)
SUI,Sun Communities Inc. Common Stock,$132.25,1.87,1.434%,16845761660.00,United States,1993,805413,Real Estate,Real Estate Investment Trusts
SWKS,Skyworks Solutions Inc. Common Stock,$66.06,0.83,1.272%,10618551913.00,United States,,3674587,Technology,Semiconductors
SYF,Synchrony Financial Common Stock,$54.18,1.87,3.575%,20623655414.00,United States,2014,3263044,Finance,Finance: Consumer Services
SYK,Stryker Corporation Common Stock,$378.22,4.23,1.131%,144320855901.00,United States,,3709100,Health Care,Medical/Dental Instruments
SYM,Symbotic Inc. Class A Common Stock,$23.06,1.03,4.675%,13568314908.00,United States,2021,1091846,Industrials,Industrial Machinery/Components
SYY,Sysco Corporation Common Stock,$70.75,0.60,0.855%,34296181431.00,United States,,2512154,Consumer Discretionary,Food Distributors
T,AT&T Inc.,$27.61,-0.03,-0.109%,198670576135.00,United States,,22928350,Telecommunications,Telecommunications Equipment
TBB,AT&T Inc. 5.350% Global Notes due 2066,$22.59,0.04,0.177%,162548653201.00,United States,2017,69733,Telecommunications,Telecommunications Equipment
TDG,Transdigm Group Incorporated Common Stock,$1450.28,16.09,1.122%,81338354834.00,United States,2006,384995,Industrials,Military/Government/Technical
TDY,Teledyne Technologies Incorporated Common Stock,$478.83,12.57,2.696%,22437660645.00,United States,,369493,Industrials,Industrial Machinery/Components
TER,Teradyne Inc. Common Stock,$75.88,2.10,2.846%,12271219964.00,United States,,2526928,Industrials,Electrical Products
TFC,Truist Financial Corporation Common Stock,$39.47,0.88,2.28%,51687502791.00,United States,,7950150,Finance,Major Banks
TGT,Target Corporation Common Stock,$97.37,1.40,1.459%,44359480300.00,United States,,5294948,Consumer Discretionary,Department/Specialty Retail Stores
THC,Tenet Healthcare Corporation Common Stock,$148.03,2.74,1.886%,13749766550.00,United States,,1467134,Health Care,Hospital/Nursing Management
TJX,TJX Companies Inc. (The) Common Stock,$129.21,1.58,1.238%,144340553925.00,United States,,4720798,Consumer Discretionary,Clothing/Shoe/Accessory Stores
TKO,TKO Group Holdings Inc. Class A Common Stock,$166.43,3.27,2.004%,28487941099.00,United States,2023,1038453,Consumer Discretionary,Services-Misc. Amusement & Recreation
TLN,Talen Energy Corporation Common Stock,$225.94,2.60,1.164%,10384633945.00,United States,,720333,Utilities,Electric Utilities: Central
TME,Tencent Music Entertainment Group American Depositary Shares each representing two Class A Ordinary Shares,$14.31,0.94,7.031%,22164823452.00,United States,2018,6477773,Consumer Discretionary,Broadcasting
TMO,Thermo Fisher Scientific Inc Common Stock,$423.55,3.66,0.872%,159788973636.00,United States,,2492475,Industrials,Industrial Machinery/Components
TOL,Toll Brothers Inc. Common Stock,$104.33,3.15,3.113%,10374262210.00,United States,,1296858,Consumer Discretionary,Homebuilding
TOST,Toast Inc. Class A Common Stock,$36.01,0.71,2.011%,20705750000.00,United States,2021,6503485,Technology,EDP Services
TPG,TPG Inc. Class A Common Stock,$47.54,0.87,1.864%,17564635319.00,United States,2022,953311,Finance,Investment Managers
TPL,Texas Pacific Land Corporation Common Stock,$1346.39,40.26,3.082%,30946502179.00,United States,,101900,Energy,Oil & Gas Production
TPR,Tapestry Inc. Common Stock,$72.76,2.27,3.22%,15062445961.00,United States,,4502811,Consumer Discretionary,Apparel
TRGP,Targa Resources Inc. Common Stock,$161.87,-0.47,-0.29%,35114760016.00,United States,2010,3157523,Utilities,Natural Gas Distribution
TRI,Thomson Reuters Corporation Common Shares,$184.51,-1.23,-0.662%,83014098950.00,United States,,1021858,Consumer Discretionary,Publishing
TRMB,Trimble Inc. Common Stock,$64.59,2.05,3.278%,15410107296.00,United States,1990,1160221,Industrials,Industrial Machinery/Components
TROW,T. Rowe Price Group Inc. Common Stock,$91.65,3.53,4.006%,20404450459.00,United States,1986,3660747,Finance,Investment Bankers/Brokers/Service
TRU,TransUnion Common Stock,$85.00,1.49,1.784%,16583500000.00,United States,2015,1593273,Finance,Finance: Consumer Services
TRV,The Travelers Companies Inc. Common Stock,$267.41,5.96,2.28%,60586759064.00,United States,,1269955,Finance,Property-Casualty Insurers
TSCO,Tractor Supply Company Common Stock,$50.84,0.49,0.973%,27023916284.00,United States,1994,6274551,Consumer Discretionary,RETAIL: Building Materials
TSN,Tyson Foods Inc. Common Stock,$60.79,0.18,0.297%,21653055935.00,United States,,3935023,Consumer Staples,Meat/Poultry/Fish
TTAN,ServiceTitan Inc. Class A Common Stock,$117.89,2.02,1.743%,10626204128.00,United States,2024,358596,Technology,Computer Software: Prepackaged Software
TTD,The Trade Desk Inc. Class A Common Stock,$54.09,1.03,1.941%,26833430048.00,United States,2016,10786422,Technology,Computer Software: Programming Data Processing
TTWO,Take-Two Interactive Software Inc. Common Stock,$219.50,-15.67,-6.663%,38740807467.00,United States,1997,8968333,Technology,Computer Software: Prepackaged Software
TW,Tradeweb Markets Inc. Class A Common Stock,$141.86,3.79,2.745%,33541252286.00,United States,2019,952965,Finance,Investment Bankers/Brokers/Service
TWLO,Twilio Inc. Class A Common Stock,$100.11,2.23,2.278%,15280150197.00,United States,2016,7164961,Technology,Computer Software: Prepackaged Software
TXN,Texas Instruments Incorporated Common Stock,$164.51,6.25,3.949%,149452741716.00,United States,,7642694,Technology,Semiconductors
TXRH,Texas Roadhouse Inc. Common Stock,$171.79,5.05,3.029%,11415555789.00,United States,2004,1024491,Consumer Discretionary,Restaurants
TXT,Textron Inc. Common Stock,$71.02,0.75,1.067%,12821865505.00,United States,,2105614,Industrials,Aerospace
TYL,Tyler Technologies Inc. Common Stock,$550.00,10.40,1.927%,23717950300.00,United States,,235688,Technology,Computer Software: Prepackaged Software
UAL,United Airlines Holdings Inc. Common Stock,$74.07,4.91,7.099%,24191304220.00,United States,,8669477,Consumer Discretionary,Air Freight/Delivery Services
UBER,Uber Technologies Inc. Common Stock,$84.28,3.39,4.191%,176061667142.00,United States,2019,22401820,Consumer Discretionary,Business Services
UDR,UDR Inc. Common Stock,$43.81,1.21,2.84%,14514070663.00,United States,,2128682,Real Estate,Real Estate Investment Trusts
UHAL,U-Haul Holding Company Common Stock,$64.92,2.87,4.625%,12729375970.00,United States,2022,79020,Consumer Discretionary,Rental/Leasing Companies
UHS,Universal Health Services Inc. Common Stock,$178.74,4.11,2.354%,11618453190.00,United States,,588871,Health Care,Hospital/Nursing Management
UI,Ubiquiti Inc. Common Stock,$342.78,7.95,2.374%,20734877717.00,United States,,48229,Technology,Radio And Television Broadcasting And Communications Equipment
ULS,UL Solutions Inc. Class A Common Stock,$59.85,1.46,2.50%,11980443406.00,United States,2024,901760,Health Care,Precision Instruments
ULTA,Ulta Beauty Inc. Common Stock,$395.81,2.88,0.733%,17933948445.00,United States,2007,524737,Consumer Discretionary,Other Specialty Stores
UNM,Unum Group Common Stock,$79.61,2.18,2.815%,13880951098.00,United States,,1013637,Finance,Accident &Health Insurance
UNP,Union Pacific Corporation Common Stock,$218.29,4.21,1.967%,130422950907.00,United States,,2926805,Industrials,Railroads
UPS,United Parcel Service Inc. Common Stock,$96.40,1.80,1.903%,82342175980.00,United States,1999,5689616,Industrials,Trucking Freight/Courier Services
URI,United Rentals Inc. Common Stock,$665.40,24.80,3.871%,43250357889.00,United States,1997,884238,Consumer Discretionary,Diversified Commercial Services
USB,U.S. Bancorp Common Stock,$41.47,0.97,2.395%,64688532676.00,United States,,9089528,Finance,Major Banks
USFD,US Foods Holding Corp. Common Stock,$67.90,1.57,2.367%,15642733353.00,United States,2016,1322488,Consumer Discretionary,Food Distributors
UTHR,United Therapeutics Corporation Common Stock,$294.60,0.75,0.255%,13288411136.00,United States,1999,583692,Health Care,Biotechnology: Pharmaceutical Preparations
VEEV,Veeva Systems Inc. Class A Common Stock,$236.49,4.42,1.905%,38475986500.00,United States,2013,632078,Technology,Computer Software: Prepackaged Software
VICI,VICI Properties Inc. Common Stock,$31.69,0.18,0.571%,33487048728.00,United States,2018,6371175,Real Estate,Real Estate Investment Trusts
VIK,Viking Holdings Ltd Ordinary Shares,$42.36,1.43,3.494%,18763384620.00,United States,2024,3484565,Consumer Discretionary,Marine Transportation
VLO,Valero Energy Corporation Common Stock,$118.93,4.05,3.525%,37249603971.00,United States,,2600892,Energy,Integrated oil Companies
VLTO,Veralto Corp Common Stock ,$95.53,1.32,1.401%,23678177284.00,United States,2023,1207645,Industrials,Electrical Products
VLYPN,Valley National Bancorp 8.250% Fixed-Rate Reset Non-Cumulative Perpetual Preferred Stock Series C,$25.4599,0.4299,1.718%,14264565433.00,United States,,3750,Finance,Major Banks
VLYPO,Valley National Bancorp 5.50% Fixed-to-Floating Rate Non-Cumulative Perpetual Preferred Stock Series B,$24.8931,-0.0069,-0.028%,13947001119.00,United States,,4775,Finance,Major Banks
VLYPP,Valley National Bancorp 6.25% Fixed-to-Floating Rate Non-Cumulative Perpetual Preferred Stock Series A,$24.99,0.05,0.20%,14001291842.00,United States,,394,Finance,Major Banks
VMC,Vulcan Materials Company (Holding Company) Common Stock,$267.05,3.42,1.297%,35278243948.00,United States,,1010739,Industrials,Mining & Quarrying of Nonmetallic Minerals (No Fuels)
VRSK,Verisk Analytics Inc. Common Stock,$293.90,-0.61,-0.207%,41227164894.00,United States,2009,849642,Technology,EDP Services
VRSN,VeriSign Inc. Common Stock,$284.09,4.39,1.57%,26676051000.00,United States,1998,1190399,Technology,EDP Services
VRT,Vertiv Holdings LLC Class A Common Stock,$95.00,2.45,2.647%,36204991910.00,United States,2018,9145565,Technology,Industrial Machinery/Components
VRTX,Vertex Pharmaceuticals Incorporated Common Stock,$501.15,2.29,0.459%,128690242849.00,United States,1991,1653616,Health Care,Biotechnology: Pharmaceutical Preparations
VST,Vistra Corp. Common Stock,$139.28,1.98,1.442%,47210856058.00,United States,,5615761,Utilities,Electric Utilities: Central
VTR,Ventas Inc. Common Stock,$66.56,1.02,1.556%,30038417510.00,United States,,2895853,Real Estate,Real Estate Investment Trusts
VTRS,Viatris Inc. Common Stock,$8.65,0.18,2.125%,10325407679.00,United States,,11937132,Health Care,Biotechnology: Pharmaceutical Preparations
VZ,Verizon Communications Inc. Common Stock,$43.74,0.44,1.016%,184418989938.00,United States,,15366542,Telecommunications,Telecommunications Equipment
WAB,Westinghouse Air Brake Technologies Corporation Common Stock,$191.39,4.47,2.391%,32751868299.00,United States,,663541,Industrials,Railroads
WAT,Waters Corporation Common Stock,$350.45,8.62,2.522%,20820564273.00,United States,1995,456590,Industrials,Biotechnology: Laboratory Analytical Instruments
WBD,Warner Bros. Discovery Inc. Series A Common Stock ,$8.54,0.11,1.305%,20963687438.00,United States,,31725510,Telecommunications,Cable & Other Pay Television Services
WDAY,Workday Inc. Class A Common Stock,$248.68,2.07,0.839%,66148880000.00,United States,,1302175,Technology,EDP Services
WDC,Western Digital Corporation Common Stock,$44.69,0.74,1.684%,15544250180.00,United States,,8263610,Technology,Electronic Components
WEC,WEC Energy Group Inc. Common Stock,$108.62,-0.17,-0.156%,34514235600.00,United States,,1678226,Utilities,Power Generation
WELL,Welltower Inc. Common Stock,$150.72,0.39,0.259%,98563581384.00,United States,,2367889,Real Estate,Real Estate Investment Trusts
WES,Western Midstream Partners LP Common Units Representing Limited Partner Interests,$36.33,-0.96,-2.574%,13853396907.00,United States,2012,1721758,Utilities,Natural Gas Distribution
WLK,Westlake Corporation Common Stock,$79.85,-12.42,-13.46%,10239126294.00,United States,2004,2723125,Industrials,Major Chemicals
WM,Waste Management Inc. Common Stock,$233.94,0.54,0.231%,94139321905.00,United States,,1228012,Utilities,Environmental Services
WMB,Williams Companies Inc. (The) Common Stock,$60.00,1.20,2.041%,73162157700.00,United States,,4560940,Utilities,Natural Gas Distribution
WMG,Warner Music Group Corp. Class A Common Stock,$30.26,0.21,0.699%,15746125222.00,United States,2020,1109608,Consumer Discretionary,Services-Misc. Amusement & Recreation
WPC,W. P. Carey Inc. REIT,$61.69,-0.19,-0.307%,13508643197.00,United States,,792907,Real Estate,Real Estate Investment Trusts
WRB,W.R. Berkley Corporation Common Stock,$72.61,1.43,2.009%,27535603926.00,United States,,1706298,Finance,Property-Casualty Insurers
WSM,Williams-Sonoma Inc. Common Stock (DE),$160.56,4.74,3.042%,19830684517.00,United States,,1485435,Consumer Discretionary,Home Furnishings
WSO,Watsco Inc. Common Stock,$472.09,10.92,2.368%,19074990007.00,United States,,231013,Consumer Discretionary,Industrial Machinery/Components
WST,West Pharmaceutical Services Inc. Common Stock,$211.29,1.03,0.49%,15180206960.00,United States,,661701,Health Care,Medical/Dental Instruments
WTRG,Essential Utilities Inc. Common Stock,$40.71,0.00,0.00%,11192105967.00,United States,,804167,Utilities,Water Supply
WWD,Woodward Inc. Common Stock,$193.92,3.43,1.801%,11538486860.00,United States,,568574,Energy,Industrial Machinery/Components
WY,Weyerhaeuser Company Common Stock,$26.16,0.34,1.317%,18973141680.00,United States,,3513565,Real Estate,Real Estate Investment Trusts
XEL,Xcel Energy Inc. Common Stock,$70.77,0.37,0.526%,40817348582.00,United States,,3854528,Utilities,Power Generation
XPO,XPO Inc. Common Stock,$109.74,5.80,5.58%,12928089590.00,United States,,2316971,Consumer Discretionary,Transportation Services
XYL,Xylem Inc. Common Stock New,$124.25,3.50,2.899%,30236363117.00,United States,2011,1834709,Industrials,Fluid Controls
XYZ,Block Inc. Class A Common Stock,$46.53,-11.95,-20.434%,28616834070.00,United States,2015,54280115,Technology,Computer Software: Prepackaged Software
YUM,Yum! Brands Inc.,$149.14,0.54,0.363%,41625262735.00,United States,,1972118,Consumer Discretionary,Restaurants
YUMC,Yum China Holdings Inc. Common Stock,$44.04,0.71,1.639%,16564530379.00,United States,2016,3063425,Consumer Discretionary,Restaurants
Z,Zillow Group Inc. Class C Capital Stock,$68.88,1.55,2.302%,16707400275.00,United States,,2439887,Consumer Discretionary,Business Services
ZBH,Zimmer Biomet Holdings Inc. Common Stock,$102.38,0.56,0.55%,20380086730.00,United States,,3275111,Health Care,Industrial Specialties
ZBRA,Zebra Technologies Corporation Class A Common Stock,$255.95,6.31,2.528%,13016164996.00,United States,1991,525790,Industrials,Industrial Machinery/Components
ZG,Zillow Group Inc. Class A Common Stock,$67.63,1.49,2.253%,16404202680.00,United States,2011,413219,Consumer Discretionary,Business Services
ZM,Zoom Communications Inc. Class A Common Stock,$78.23,0.98,1.269%,23878444320.00,United States,2019,1563148,Technology,Computer Software: Programming Data Processing
ZS,Zscaler Inc. Common Stock,$230.47,3.41,1.502%,35659448164.00,United States,2018,1748070,Technology,EDP Services
ZTS,Zoetis Inc. Class A Common Stock,$157.44,1.79,1.15%,70500359412.00,United States,2013,2654776,Health Care,Biotechnology: Pharmaceutical Preparations
